county,office,district,party,candidate,votes
Barbour,President,,REP,DONALD J. TRUMP,5071
Berkeley,President,,REP,DONALD J. TRUMP,37580
Boone,President,,REP,DONALD J. TRUMP,6314
Braxton,President,,REP,DONALD J. TRUMP,3991
Brooke,President,,REP,DONALD J. TRUMP,6986
Cabell,President,,REP,DONALD J. TRUMP,21229
Calhoun,President,,REP,DONALD J. TRUMP,2391
Clay,President,,REP,DONALD J. TRUMP,2597
Doddridge,President,,REP,DONALD J. TRUMP,2541
Fayette,President,,REP,DONALD J. TRUMP,10910
Gilmer,President,,REP,DONALD J. TRUMP,1822
Grant,President,,REP,DONALD J. TRUMP,4949
Greenbrier,President,,REP,DONALD J. TRUMP,10517
Hampshire,President,,REP,DONALD J. TRUMP,8464
Hancock,President,,REP,DONALD J. TRUMP,9462
Hardy,President,,REP,DONALD J. TRUMP,4997
Harrison,President,,REP,DONALD J. TRUMP,20480
Jackson,President,,REP,DONALD J. TRUMP,9907
Jefferson,President,,REP,DONALD J. TRUMP,16573
Kanawha,President,,REP,DONALD J. TRUMP,43352
Lewis,President,,REP,DONALD J. TRUMP,5550
Lincoln,President,,REP,DONALD J. TRUMP,5770
Logan,President,,REP,DONALD J. TRUMP,9500
Marion,President,,REP,DONALD J. TRUMP,15881
Marshall,President,,REP,DONALD J. TRUMP,9808
Mason,President,,REP,DONALD J. TRUMP,8232
McDowell,President,,REP,DONALD J. TRUMP,4310
Mercer,President,,REP,DONALD J. TRUMP,18372
Mineral,President,,REP,DONALD J. TRUMP,10247
Mingo,President,,REP,DONALD J. TRUMP,7325
Monongalia,President,,REP,DONALD J. TRUMP,21084
Monroe,President,,REP,DONALD J. TRUMP,5089
Morgan,President,,REP,DONALD J. TRUMP,7009
Nicholas,President,,REP,DONALD J. TRUMP,7960
Ohio,President,,REP,DONALD J. TRUMP,11593
Pendleton,President,,REP,DONALD J. TRUMP,2687
Pleasants,President,,REP,DONALD J. TRUMP,2632
Pocahontas,President,,REP,DONALD J. TRUMP,2889
Preston,President,,REP,DONALD J. TRUMP,11176
Putnam,President,,REP,DONALD J. TRUMP,19868
Raleigh,President,,REP,DONALD J. TRUMP,23644
Randolph,President,,REP,DONALD J. TRUMP,8356
Ritchie,President,,REP,DONALD J. TRUMP,3473
Roane,President,,REP,DONALD J. TRUMP,4189
Summers,President,,REP,DONALD J. TRUMP,3931
Taylor,President,,REP,DONALD J. TRUMP,5422
Tucker,President,,REP,DONALD J. TRUMP,2669
Tyler,President,,REP,DONALD J. TRUMP,2991
Upshur,President,,REP,DONALD J. TRUMP,7633
Wayne,President,,REP,DONALD J. TRUMP,11934
Webster,President,,REP,DONALD J. TRUMP,2478
Wetzel,President,,REP,DONALD J. TRUMP,4718
Wirt,President,,REP,DONALD J. TRUMP,2120
Wood,President,,REP,DONALD J. TRUMP,26380
Wyoming,President,,REP,DONALD J. TRUMP,6503
Barbour,President,,DEM,KAMALA D. HARRIS,1199
Berkeley,President,,DEM,KAMALA D. HARRIS,17500
Boone,President,,DEM,KAMALA D. HARRIS,1641
Braxton,President,,DEM,KAMALA D. HARRIS,1233
Brooke,President,,DEM,KAMALA D. HARRIS,2621
Cabell,President,,DEM,KAMALA D. HARRIS,13474
Calhoun,President,,DEM,KAMALA D. HARRIS,488
Clay,President,,DEM,KAMALA D. HARRIS,580
Doddridge,President,,DEM,KAMALA D. HARRIS,374
Fayette,President,,DEM,KAMALA D. HARRIS,4387
Gilmer,President,,DEM,KAMALA D. HARRIS,486
Grant,President,,DEM,KAMALA D. HARRIS,552
Greenbrier,President,,DEM,KAMALA D. HARRIS,4196
Hampshire,President,,DEM,KAMALA D. HARRIS,1890
Hancock,President,,DEM,KAMALA D. HARRIS,3360
Hardy,President,,DEM,KAMALA D. HARRIS,1297
Harrison,President,,DEM,KAMALA D. HARRIS,8402
Jackson,President,,DEM,KAMALA D. HARRIS,2699
Jefferson,President,,DEM,KAMALA D. HARRIS,11967
Kanawha,President,,DEM,KAMALA D. HARRIS,30231
Lewis,President,,DEM,KAMALA D. HARRIS,1372
Lincoln,President,,DEM,KAMALA D. HARRIS,1279
Logan,President,,DEM,KAMALA D. HARRIS,1848
Marion,President,,DEM,KAMALA D. HARRIS,8185
Marshall,President,,DEM,KAMALA D. HARRIS,3186
Mason,President,,DEM,KAMALA D. HARRIS,2111
McDowell,President,,DEM,KAMALA D. HARRIS,1036
Mercer,President,,DEM,KAMALA D. HARRIS,4851
Mineral,President,,DEM,KAMALA D. HARRIS,2483
Mingo,President,,DEM,KAMALA D. HARRIS,1061
Monongalia,President,,DEM,KAMALA D. HARRIS,19265
Monroe,President,,DEM,KAMALA D. HARRIS,1155
Morgan,President,,DEM,KAMALA D. HARRIS,1947
Nicholas,President,,DEM,KAMALA D. HARRIS,1919
Ohio,President,,DEM,KAMALA D. HARRIS,6727
Pendleton,President,,DEM,KAMALA D. HARRIS,680
Pleasants,President,,DEM,KAMALA D. HARRIS,656
Pocahontas,President,,DEM,KAMALA D. HARRIS,927
Preston,President,,DEM,KAMALA D. HARRIS,2953
Putnam,President,,DEM,KAMALA D. HARRIS,7124
Raleigh,President,,DEM,KAMALA D. HARRIS,6816
Randolph,President,,DEM,KAMALA D. HARRIS,3008
Ritchie,President,,DEM,KAMALA D. HARRIS,517
Roane,President,,DEM,KAMALA D. HARRIS,1218
Summers,President,,DEM,KAMALA D. HARRIS,1226
Taylor,President,,DEM,KAMALA D. HARRIS,1694
Tucker,President,,DEM,KAMALA D. HARRIS,890
Tyler,President,,DEM,KAMALA D. HARRIS,554
Upshur,President,,DEM,KAMALA D. HARRIS,2033
Wayne,President,,DEM,KAMALA D. HARRIS,3532
Webster,President,,DEM,KAMALA D. HARRIS,479
Wetzel,President,,DEM,KAMALA D. HARRIS,1294
Wirt,President,,DEM,KAMALA D. HARRIS,409
Wood,President,,DEM,KAMALA D. HARRIS,10317
Wyoming,President,,DEM,KAMALA D. HARRIS,980
Barbour,President,,IND,ROBERT F. KENNEDY JR.,91
Berkeley,President,,IND,ROBERT F. KENNEDY JR.,544
Boone,President,,IND,ROBERT F. KENNEDY JR.,131
Braxton,President,,IND,ROBERT F. KENNEDY JR.,56
Brooke,President,,IND,ROBERT F. KENNEDY JR.,119
Cabell,President,,IND,ROBERT F. KENNEDY JR.,418
Calhoun,President,,IND,ROBERT F. KENNEDY JR.,43
Clay,President,,IND,ROBERT F. KENNEDY JR.,47
Doddridge,President,,IND,ROBERT F. KENNEDY JR.,24
Fayette,President,,IND,ROBERT F. KENNEDY JR.,212
Gilmer,President,,IND,ROBERT F. KENNEDY JR.,23
Grant,President,,IND,ROBERT F. KENNEDY JR.,46
Greenbrier,President,,IND,ROBERT F. KENNEDY JR.,187
Hampshire,President,,IND,ROBERT F. KENNEDY JR.,101
Hancock,President,,IND,ROBERT F. KENNEDY JR.,129
Hardy,President,,IND,ROBERT F. KENNEDY JR.,84
Harrison,President,,IND,ROBERT F. KENNEDY JR.,399
Jackson,President,,IND,ROBERT F. KENNEDY JR.,154
Jefferson,President,,IND,ROBERT F. KENNEDY JR.,315
Kanawha,President,,IND,ROBERT F. KENNEDY JR.,965
Lewis,President,,IND,ROBERT F. KENNEDY JR.,85
Lincoln,President,,IND,ROBERT F. KENNEDY JR.,92
Logan,President,,IND,ROBERT F. KENNEDY JR.,95
Marion,President,,IND,ROBERT F. KENNEDY JR.,360
Marshall,President,,IND,ROBERT F. KENNEDY JR.,153
Mason,President,,IND,ROBERT F. KENNEDY JR.,142
McDowell,President,,IND,ROBERT F. KENNEDY JR.,54
Mercer,President,,IND,ROBERT F. KENNEDY JR.,246
Mineral,President,,IND,ROBERT F. KENNEDY JR.,109
Mingo,President,,IND,ROBERT F. KENNEDY JR.,77
Monongalia,President,,IND,ROBERT F. KENNEDY JR.,549
Monroe,President,,IND,ROBERT F. KENNEDY JR.,77
Morgan,President,,IND,ROBERT F. KENNEDY JR.,76
Nicholas,President,,IND,ROBERT F. KENNEDY JR.,115
Ohio,President,,IND,ROBERT F. KENNEDY JR.,198
Pendleton,President,,IND,ROBERT F. KENNEDY JR.,37
Pleasants,President,,IND,ROBERT F. KENNEDY JR.,42
Pocahontas,President,,IND,ROBERT F. KENNEDY JR.,53
Preston,President,,IND,ROBERT F. KENNEDY JR.,188
Putnam,President,,IND,ROBERT F. KENNEDY JR.,313
Raleigh,President,,IND,ROBERT F. KENNEDY JR.,312
Randolph,President,,IND,ROBERT F. KENNEDY JR.,156
Ritchie,President,,IND,ROBERT F. KENNEDY JR.,40
Roane,President,,IND,ROBERT F. KENNEDY JR.,79
Summers,President,,IND,ROBERT F. KENNEDY JR.,72
Taylor,President,,IND,ROBERT F. KENNEDY JR.,100
Tucker,President,,IND,ROBERT F. KENNEDY JR.,37
Tyler,President,,IND,ROBERT F. KENNEDY JR.,49
Upshur,President,,IND,ROBERT F. KENNEDY JR.,111
Wayne,President,,IND,ROBERT F. KENNEDY JR.,193
Webster,President,,IND,ROBERT F. KENNEDY JR.,33
Wetzel,President,,IND,ROBERT F. KENNEDY JR.,104
Wirt,President,,IND,ROBERT F. KENNEDY JR.,33
Wood,President,,IND,ROBERT F. KENNEDY JR.,408
Wyoming,President,,IND,ROBERT F. KENNEDY JR.,71
Barbour,President,,LBN,CHASE OLIVER,20
Berkeley,President,,LBN,CHASE OLIVER,262
Boone,President,,LBN,CHASE OLIVER,41
Braxton,President,,LBN,CHASE OLIVER,19
Brooke,President,,LBN,CHASE OLIVER,33
Cabell,President,,LBN,CHASE OLIVER,163
Calhoun,President,,LBN,CHASE OLIVER,8
Clay,President,,LBN,CHASE OLIVER,10
Doddridge,President,,LBN,CHASE OLIVER,9
Fayette,President,,LBN,CHASE OLIVER,54
Gilmer,President,,LBN,CHASE OLIVER,6
Grant,President,,LBN,CHASE OLIVER,11
Greenbrier,President,,LBN,CHASE OLIVER,55
Hampshire,President,,LBN,CHASE OLIVER,23
Hancock,President,,LBN,CHASE OLIVER,40
Hardy,President,,LBN,CHASE OLIVER,21
Harrison,President,,LBN,CHASE OLIVER,134
Jackson,President,,LBN,CHASE OLIVER,40
Jefferson,President,,LBN,CHASE OLIVER,163
Kanawha,President,,LBN,CHASE OLIVER,323
Lewis,President,,LBN,CHASE OLIVER,24
Lincoln,President,,LBN,CHASE OLIVER,30
Logan,President,,LBN,CHASE OLIVER,13
Marion,President,,LBN,CHASE OLIVER,125
Marshall,President,,LBN,CHASE OLIVER,49
Mason,President,,LBN,CHASE OLIVER,41
McDowell,President,,LBN,CHASE OLIVER,15
Mercer,President,,LBN,CHASE OLIVER,55
Mineral,President,,LBN,CHASE OLIVER,40
Mingo,President,,LBN,CHASE OLIVER,18
Monongalia,President,,LBN,CHASE OLIVER,284
Monroe,President,,LBN,CHASE OLIVER,23
Morgan,President,,LBN,CHASE OLIVER,23
Nicholas,President,,LBN,CHASE OLIVER,27
Ohio,President,,LBN,CHASE OLIVER,69
Pendleton,President,,LBN,CHASE OLIVER,13
Pleasants,President,,LBN,CHASE OLIVER,9
Pocahontas,President,,LBN,CHASE OLIVER,11
Preston,President,,LBN,CHASE OLIVER,74
Putnam,President,,LBN,CHASE OLIVER,138
Raleigh,President,,LBN,CHASE OLIVER,101
Randolph,President,,LBN,CHASE OLIVER,43
Ritchie,President,,LBN,CHASE OLIVER,9
Roane,President,,LBN,CHASE OLIVER,17
Summers,President,,LBN,CHASE OLIVER,18
Taylor,President,,LBN,CHASE OLIVER,28
Tucker,President,,LBN,CHASE OLIVER,13
Tyler,President,,LBN,CHASE OLIVER,14
Upshur,President,,LBN,CHASE OLIVER,62
Wayne,President,,LBN,CHASE OLIVER,47
Webster,President,,LBN,CHASE OLIVER,4
Wetzel,President,,LBN,CHASE OLIVER,31
Wirt,President,,LBN,CHASE OLIVER,10
Wood,President,,LBN,CHASE OLIVER,128
Wyoming,President,,LBN,CHASE OLIVER,6
Barbour,President,,MTN,JILL STEIN,14
Berkeley,President,,MTN,JILL STEIN,216
Boone,President,,MTN,JILL STEIN,15
Braxton,President,,MTN,JILL STEIN,14
Brooke,President,,MTN,JILL STEIN,23
Cabell,President,,MTN,JILL STEIN,145
Calhoun,President,,MTN,JILL STEIN,6
Clay,President,,MTN,JILL STEIN,6
Doddridge,President,,MTN,JILL STEIN,8
Fayette,President,,MTN,JILL STEIN,57
Gilmer,President,,MTN,JILL STEIN,7
Grant,President,,MTN,JILL STEIN,10
Greenbrier,President,,MTN,JILL STEIN,41
Hampshire,President,,MTN,JILL STEIN,22
Hancock,President,,MTN,JILL STEIN,39
Hardy,President,,MTN,JILL STEIN,12
Harrison,President,,MTN,JILL STEIN,80
Jackson,President,,MTN,JILL STEIN,22
Jefferson,President,,MTN,JILL STEIN,138
Kanawha,President,,MTN,JILL STEIN,368
Lewis,President,,MTN,JILL STEIN,17
Lincoln,President,,MTN,JILL STEIN,16
Logan,President,,MTN,JILL STEIN,13
Marion,President,,MTN,JILL STEIN,83
Marshall,President,,MTN,JILL STEIN,37
Mason,President,,MTN,JILL STEIN,21
McDowell,President,,MTN,JILL STEIN,10
Mercer,President,,MTN,JILL STEIN,60
Mineral,President,,MTN,JILL STEIN,25
Mingo,President,,MTN,JILL STEIN,9
Monongalia,President,,MTN,JILL STEIN,270
Monroe,President,,MTN,JILL STEIN,23
Morgan,President,,MTN,JILL STEIN,42
Nicholas,President,,MTN,JILL STEIN,16
Ohio,President,,MTN,JILL STEIN,102
Pendleton,President,,MTN,JILL STEIN,8
Pleasants,President,,MTN,JILL STEIN,9
Pocahontas,President,,MTN,JILL STEIN,21
Preston,President,,MTN,JILL STEIN,35
Putnam,President,,MTN,JILL STEIN,64
Raleigh,President,,MTN,JILL STEIN,93
Randolph,President,,MTN,JILL STEIN,31
Ritchie,President,,MTN,JILL STEIN,11
Roane,President,,MTN,JILL STEIN,18
Summers,President,,MTN,JILL STEIN,17
Taylor,President,,MTN,JILL STEIN,21
Tucker,President,,MTN,JILL STEIN,27
Tyler,President,,MTN,JILL STEIN,9
Upshur,President,,MTN,JILL STEIN,20
Wayne,President,,MTN,JILL STEIN,41
Webster,President,,MTN,JILL STEIN,4
Wetzel,President,,MTN,JILL STEIN,21
Wirt,President,,MTN,JILL STEIN,9
Wood,President,,MTN,JILL STEIN,80
Wyoming,President,,MTN,JILL STEIN,5
Barbour,U.S. Senate,,REP,JIM JUSTICE,4963
Berkeley,U.S. Senate,,REP,JIM JUSTICE,35870
Boone,U.S. Senate,,REP,JIM JUSTICE,5965
Braxton,U.S. Senate,,REP,JIM JUSTICE,3812
Brooke,U.S. Senate,,REP,JIM JUSTICE,6857
Cabell,U.S. Senate,,REP,JIM JUSTICE,21486
Calhoun,U.S. Senate,,REP,JIM JUSTICE,2293
Clay,U.S. Senate,,REP,JIM JUSTICE,2479
Doddridge,U.S. Senate,,REP,JIM JUSTICE,2374
Fayette,U.S. Senate,,REP,JIM JUSTICE,10147
Gilmer,U.S. Senate,,REP,JIM JUSTICE,1763
Grant,U.S. Senate,,REP,JIM JUSTICE,4647
Greenbrier,U.S. Senate,,REP,JIM JUSTICE,9676
Hampshire,U.S. Senate,,REP,JIM JUSTICE,8120
Hancock,U.S. Senate,,REP,JIM JUSTICE,9334
Hardy,U.S. Senate,,REP,JIM JUSTICE,4798
Harrison,U.S. Senate,,REP,JIM JUSTICE,20396
Jackson,U.S. Senate,,REP,JIM JUSTICE,9492
Jefferson,U.S. Senate,,REP,JIM JUSTICE,16509
Kanawha,U.S. Senate,,REP,JIM JUSTICE,42331
Lewis,U.S. Senate,,REP,JIM JUSTICE,5467
Lincoln,U.S. Senate,,REP,JIM JUSTICE,5555
Logan,U.S. Senate,,REP,JIM JUSTICE,8916
Marion,U.S. Senate,,REP,JIM JUSTICE,15406
Marshall,U.S. Senate,,REP,JIM JUSTICE,8902
Mason,U.S. Senate,,REP,JIM JUSTICE,7890
McDowell,U.S. Senate,,REP,JIM JUSTICE,4121
Mercer,U.S. Senate,,REP,JIM JUSTICE,18120
Mineral,U.S. Senate,,REP,JIM JUSTICE,10157
Mingo,U.S. Senate,,REP,JIM JUSTICE,6940
Monongalia,U.S. Senate,,REP,JIM JUSTICE,20874
Monroe,U.S. Senate,,REP,JIM JUSTICE,4804
Morgan,U.S. Senate,,REP,JIM JUSTICE,6662
Nicholas,U.S. Senate,,REP,JIM JUSTICE,7538
Ohio,U.S. Senate,,REP,JIM JUSTICE,10750
Pendleton,U.S. Senate,,REP,JIM JUSTICE,2658
Pleasants,U.S. Senate,,REP,JIM JUSTICE,2569
Pocahontas,U.S. Senate,,REP,JIM JUSTICE,2649
Preston,U.S. Senate,,REP,JIM JUSTICE,9988
Putnam,U.S. Senate,,REP,JIM JUSTICE,19184
Raleigh,U.S. Senate,,REP,JIM JUSTICE,21796
Randolph,U.S. Senate,,REP,JIM JUSTICE,8107
Ritchie,U.S. Senate,,REP,JIM JUSTICE,3278
Roane,U.S. Senate,,REP,JIM JUSTICE,4100
Summers,U.S. Senate,,REP,JIM JUSTICE,3708
Taylor,U.S. Senate,,REP,JIM JUSTICE,5344
Tucker,U.S. Senate,,REP,JIM JUSTICE,2544
Tyler,U.S. Senate,,REP,JIM JUSTICE,2795
Upshur,U.S. Senate,,REP,JIM JUSTICE,7437
Wayne,U.S. Senate,,REP,JIM JUSTICE,11416
Webster,U.S. Senate,,REP,JIM JUSTICE,2331
Wetzel,U.S. Senate,,REP,JIM JUSTICE,4469
Wirt,U.S. Senate,,REP,JIM JUSTICE,2001
Wood,U.S. Senate,,REP,JIM JUSTICE,26084
Wyoming,U.S. Senate,,REP,JIM JUSTICE,6207
Barbour,U.S. Senate,,DEM,GLENN ELLIOTT,1069
Berkeley,U.S. Senate,,DEM,GLENN ELLIOTT,16740
Boone,U.S. Senate,,DEM,GLENN ELLIOTT,1826
Braxton,U.S. Senate,,DEM,GLENN ELLIOTT,1255
Brooke,U.S. Senate,,DEM,GLENN ELLIOTT,2684
Cabell,U.S. Senate,,DEM,GLENN ELLIOTT,12093
Calhoun,U.S. Senate,,DEM,GLENN ELLIOTT,484
Clay,U.S. Senate,,DEM,GLENN ELLIOTT,594
Doddridge,U.S. Senate,,DEM,GLENN ELLIOTT,379
Fayette,U.S. Senate,,DEM,GLENN ELLIOTT,4512
Gilmer,U.S. Senate,,DEM,GLENN ELLIOTT,481
Grant,U.S. Senate,,DEM,GLENN ELLIOTT,547
Greenbrier,U.S. Senate,,DEM,GLENN ELLIOTT,4515
Hampshire,U.S. Senate,,DEM,GLENN ELLIOTT,1777
Hancock,U.S. Senate,,DEM,GLENN ELLIOTT,3277
Hardy,U.S. Senate,,DEM,GLENN ELLIOTT,1303
Harrison,U.S. Senate,,DEM,GLENN ELLIOTT,7508
Jackson,U.S. Senate,,DEM,GLENN ELLIOTT,2669
Jefferson,U.S. Senate,,DEM,GLENN ELLIOTT,11265
Kanawha,U.S. Senate,,DEM,GLENN ELLIOTT,29195
Lewis,U.S. Senate,,DEM,GLENN ELLIOTT,1239
Lincoln,U.S. Senate,,DEM,GLENN ELLIOTT,1283
Logan,U.S. Senate,,DEM,GLENN ELLIOTT,1874
Marion,U.S. Senate,,DEM,GLENN ELLIOTT,7834
Marshall,U.S. Senate,,DEM,GLENN ELLIOTT,4027
Mason,U.S. Senate,,DEM,GLENN ELLIOTT,2156
McDowell,U.S. Senate,,DEM,GLENN ELLIOTT,898
Mercer,U.S. Senate,,DEM,GLENN ELLIOTT,4306
Mineral,U.S. Senate,,DEM,GLENN ELLIOTT,2207
Mingo,U.S. Senate,,DEM,GLENN ELLIOTT,1085
Monongalia,U.S. Senate,,DEM,GLENN ELLIOTT,18272
Monroe,U.S. Senate,,DEM,GLENN ELLIOTT,1235
Morgan,U.S. Senate,,DEM,GLENN ELLIOTT,1840
Nicholas,U.S. Senate,,DEM,GLENN ELLIOTT,2006
Ohio,U.S. Senate,,DEM,GLENN ELLIOTT,7599
Pendleton,U.S. Senate,,DEM,GLENN ELLIOTT,614
Pleasants,U.S. Senate,,DEM,GLENN ELLIOTT,641
Pocahontas,U.S. Senate,,DEM,GLENN ELLIOTT,1014
Preston,U.S. Senate,,DEM,GLENN ELLIOTT,2477
Putnam,U.S. Senate,,DEM,GLENN ELLIOTT,6841
Raleigh,U.S. Senate,,DEM,GLENN ELLIOTT,6970
Randolph,U.S. Senate,,DEM,GLENN ELLIOTT,2881
Ritchie,U.S. Senate,,DEM,GLENN ELLIOTT,547
Roane,U.S. Senate,,DEM,GLENN ELLIOTT,1190
Summers,U.S. Senate,,DEM,GLENN ELLIOTT,1267
Taylor,U.S. Senate,,DEM,GLENN ELLIOTT,1518
Tucker,U.S. Senate,,DEM,GLENN ELLIOTT,849
Tyler,U.S. Senate,,DEM,GLENN ELLIOTT,643
Upshur,U.S. Senate,,DEM,GLENN ELLIOTT,1879
Wayne,U.S. Senate,,DEM,GLENN ELLIOTT,3392
Webster,U.S. Senate,,DEM,GLENN ELLIOTT,541
Wetzel,U.S. Senate,,DEM,GLENN ELLIOTT,1494
Wirt,U.S. Senate,,DEM,GLENN ELLIOTT,419
Wood,U.S. Senate,,DEM,GLENN ELLIOTT,9381
Wyoming,U.S. Senate,,DEM,GLENN ELLIOTT,956
Barbour,U.S. Senate,,LBN,DAVID MORAN,273
Berkeley,U.S. Senate,,LBN,DAVID MORAN,2285
Boone,U.S. Senate,,LBN,DAVID MORAN,197
Braxton,U.S. Senate,,LBN,DAVID MORAN,165
Brooke,U.S. Senate,,LBN,DAVID MORAN,141
Cabell,U.S. Senate,,LBN,DAVID MORAN,1131
Calhoun,U.S. Senate,,LBN,DAVID MORAN,77
Clay,U.S. Senate,,LBN,DAVID MORAN,100
Doddridge,U.S. Senate,,LBN,DAVID MORAN,150
Fayette,U.S. Senate,,LBN,DAVID MORAN,557
Gilmer,U.S. Senate,,LBN,DAVID MORAN,67
Grant,U.S. Senate,,LBN,DAVID MORAN,199
Greenbrier,U.S. Senate,,LBN,DAVID MORAN,521
Hampshire,U.S. Senate,,LBN,DAVID MORAN,341
Hancock,U.S. Senate,,LBN,DAVID MORAN,247
Hardy,U.S. Senate,,LBN,DAVID MORAN,206
Harrison,U.S. Senate,,LBN,DAVID MORAN,1145
Jackson,U.S. Senate,,LBN,DAVID MORAN,466
Jefferson,U.S. Senate,,LBN,DAVID MORAN,884
Kanawha,U.S. Senate,,LBN,DAVID MORAN,2103
Lewis,U.S. Senate,,LBN,DAVID MORAN,298
Lincoln,U.S. Senate,,LBN,DAVID MORAN,205
Logan,U.S. Senate,,LBN,DAVID MORAN,246
Marion,U.S. Senate,,LBN,DAVID MORAN,1074
Marshall,U.S. Senate,,LBN,DAVID MORAN,225
Mason,U.S. Senate,,LBN,DAVID MORAN,356
McDowell,U.S. Senate,,LBN,DAVID MORAN,136
Mercer,U.S. Senate,,LBN,DAVID MORAN,653
Mineral,U.S. Senate,,LBN,DAVID MORAN,385
Mingo,U.S. Senate,,LBN,DAVID MORAN,170
Monongalia,U.S. Senate,,LBN,DAVID MORAN,1780
Monroe,U.S. Senate,,LBN,DAVID MORAN,199
Morgan,U.S. Senate,,LBN,DAVID MORAN,323
Nicholas,U.S. Senate,,LBN,DAVID MORAN,320
Ohio,U.S. Senate,,LBN,DAVID MORAN,275
Pendleton,U.S. Senate,,LBN,DAVID MORAN,81
Pleasants,U.S. Senate,,LBN,DAVID MORAN,94
Pocahontas,U.S. Senate,,LBN,DAVID MORAN,141
Preston,U.S. Senate,,LBN,DAVID MORAN,1687
Putnam,U.S. Senate,,LBN,DAVID MORAN,930
Raleigh,U.S. Senate,,LBN,DAVID MORAN,1225
Randolph,U.S. Senate,,LBN,DAVID MORAN,432
Ritchie,U.S. Senate,,LBN,DAVID MORAN,119
Roane,U.S. Senate,,LBN,DAVID MORAN,151
Summers,U.S. Senate,,LBN,DAVID MORAN,160
Taylor,U.S. Senate,,LBN,DAVID MORAN,337
Tucker,U.S. Senate,,LBN,DAVID MORAN,218
Tyler,U.S. Senate,,LBN,DAVID MORAN,115
Upshur,U.S. Senate,,LBN,DAVID MORAN,374
Wayne,U.S. Senate,,LBN,DAVID MORAN,435
Webster,U.S. Senate,,LBN,DAVID MORAN,69
Wetzel,U.S. Senate,,LBN,DAVID MORAN,114
Wirt,U.S. Senate,,LBN,DAVID MORAN,100
Wood,U.S. Senate,,LBN,DAVID MORAN,1178
Wyoming,U.S. Senate,,LBN,DAVID MORAN,215
Boone,U.S. House,1,REP,CAROL MILLER,5180
Braxton,U.S. House,1,REP,CAROL MILLER,3435
Cabell,U.S. House,1,REP,CAROL MILLER,21776
Calhoun,U.S. House,1,REP,CAROL MILLER,1882
Clay,U.S. House,1,REP,CAROL MILLER,2058
Fayette,U.S. House,1,REP,CAROL MILLER,9569
Gilmer,U.S. House,1,REP,CAROL MILLER,1448
Greenbrier,U.S. House,1,REP,CAROL MILLER,9759
Jackson,U.S. House,1,REP,CAROL MILLER,8430
Kanawha,U.S. House,1,REP,CAROL MILLER,36376
Lincoln,U.S. House,1,REP,CAROL MILLER,5002
Logan,U.S. House,1,REP,CAROL MILLER,7647
Mason,U.S. House,1,REP,CAROL MILLER,7496
McDowell,U.S. House,1,REP,CAROL MILLER,3340
Mercer,U.S. House,1,REP,CAROL MILLER,16933
Mingo,U.S. House,1,REP,CAROL MILLER,6022
Monroe,U.S. House,1,REP,CAROL MILLER,4658
Nicholas,U.S. House,1,REP,CAROL MILLER,7088
Pendleton,U.S. House,1,REP,CAROL MILLER,2338
Pocahontas,U.S. House,1,REP,CAROL MILLER,2493
Putnam,U.S. House,1,REP,CAROL MILLER,17882
Raleigh,U.S. House,1,REP,CAROL MILLER,20705
Roane,U.S. House,1,REP,CAROL MILLER,3651
Summers,U.S. House,1,REP,CAROL MILLER,3504
Wayne,U.S. House,1,REP,CAROL MILLER,10754
Webster,U.S. House,1,REP,CAROL MILLER,2039
Wirt,U.S. House,1,REP,CAROL MILLER,1761
Wyoming,U.S. House,1,REP,CAROL MILLER,5265
Boone,U.S. House,1,DEM,CHRIS BOB REED,1958
Braxton,U.S. House,1,DEM,CHRIS BOB REED,1346
Cabell,U.S. House,1,DEM,CHRIS BOB REED,10706
Calhoun,U.S. House,1,DEM,CHRIS BOB REED,571
Clay,U.S. House,1,DEM,CHRIS BOB REED,726
Fayette,U.S. House,1,DEM,CHRIS BOB REED,4064
Gilmer,U.S. House,1,DEM,CHRIS BOB REED,617
Greenbrier,U.S. House,1,DEM,CHRIS BOB REED,3686
Jackson,U.S. House,1,DEM,CHRIS BOB REED,2487
Kanawha,U.S. House,1,DEM,CHRIS BOB REED,26487
Lincoln,U.S. House,1,DEM,CHRIS BOB REED,1369
Logan,U.S. House,1,DEM,CHRIS BOB REED,2048
Mason,U.S. House,1,DEM,CHRIS BOB REED,2077
McDowell,U.S. House,1,DEM,CHRIS BOB REED,1063
Mercer,U.S. House,1,DEM,CHRIS BOB REED,4507
Mingo,U.S. House,1,DEM,CHRIS BOB REED,1305
Monroe,U.S. House,1,DEM,CHRIS BOB REED,1109
Nicholas,U.S. House,1,DEM,CHRIS BOB REED,1960
Pendleton,U.S. House,1,DEM,CHRIS BOB REED,629
Pocahontas,U.S. House,1,DEM,CHRIS BOB REED,923
Putnam,U.S. House,1,DEM,CHRIS BOB REED,6490
Raleigh,U.S. House,1,DEM,CHRIS BOB REED,6249
Roane,U.S. House,1,DEM,CHRIS BOB REED,1139
Summers,U.S. House,1,DEM,CHRIS BOB REED,1193
Wayne,U.S. House,1,DEM,CHRIS BOB REED,3144
Webster,U.S. House,1,DEM,CHRIS BOB REED,555
Wirt,U.S. House,1,DEM,CHRIS BOB REED,449
Wyoming,U.S. House,1,DEM,CHRIS BOB REED,1181
Boone,U.S. House,1,IND,WES HOLDEN,562
Braxton,U.S. House,1,IND,WES HOLDEN,207
Cabell,U.S. House,1,IND,WES HOLDEN,1743
Calhoun,U.S. House,1,IND,WES HOLDEN,183
Clay,U.S. House,1,IND,WES HOLDEN,237
Fayette,U.S. House,1,IND,WES HOLDEN,1174
Gilmer,U.S. House,1,IND,WES HOLDEN,105
Greenbrier,U.S. House,1,IND,WES HOLDEN,750
Jackson,U.S. House,1,IND,WES HOLDEN,1375
Kanawha,U.S. House,1,IND,WES HOLDEN,8603
Lincoln,U.S. House,1,IND,WES HOLDEN,438
Logan,U.S. House,1,IND,WES HOLDEN,543
Mason,U.S. House,1,IND,WES HOLDEN,575
McDowell,U.S. House,1,IND,WES HOLDEN,277
Mercer,U.S. House,1,IND,WES HOLDEN,1050
Mingo,U.S. House,1,IND,WES HOLDEN,323
Monroe,U.S. House,1,IND,WES HOLDEN,337
Nicholas,U.S. House,1,IND,WES HOLDEN,496
Pendleton,U.S. House,1,IND,WES HOLDEN,176
Pocahontas,U.S. House,1,IND,WES HOLDEN,217
Putnam,U.S. House,1,IND,WES HOLDEN,1909
Raleigh,U.S. House,1,IND,WES HOLDEN,2119
Roane,U.S. House,1,IND,WES HOLDEN,467
Summers,U.S. House,1,IND,WES HOLDEN,261
Wayne,U.S. House,1,IND,WES HOLDEN,731
Webster,U.S. House,1,IND,WES HOLDEN,123
Wirt,U.S. House,1,IND,WES HOLDEN,160
Wyoming,U.S. House,1,IND,WES HOLDEN,475
Barbour,U.S. House,2,REP,RILEY MOORE,4800
Berkeley,U.S. House,2,REP,RILEY MOORE,38173
Brooke,U.S. House,2,REP,RILEY MOORE,6752
Doddridge,U.S. House,2,REP,RILEY MOORE,2420
Grant,U.S. House,2,REP,RILEY MOORE,4271
Hampshire,U.S. House,2,REP,RILEY MOORE,7626
Hancock,U.S. House,2,REP,RILEY MOORE,9269
Hardy,U.S. House,2,REP,RILEY MOORE,4113
Harrison,U.S. House,2,REP,RILEY MOORE,20290
Jefferson,U.S. House,2,REP,RILEY MOORE,17827
Lewis,U.S. House,2,REP,RILEY MOORE,5376
Marion,U.S. House,2,REP,RILEY MOORE,15691
Marshall,U.S. House,2,REP,RILEY MOORE,9617
Mineral,U.S. House,2,REP,RILEY MOORE,9721
Monongalia,U.S. House,2,REP,RILEY MOORE,21284
Morgan,U.S. House,2,REP,RILEY MOORE,6758
Ohio,U.S. House,2,REP,RILEY MOORE,11925
Pleasants,U.S. House,2,REP,RILEY MOORE,2495
Preston,U.S. House,2,REP,RILEY MOORE,10567
Randolph,U.S. House,2,REP,RILEY MOORE,7871
Ritchie,U.S. House,2,REP,RILEY MOORE,3212
Taylor,U.S. House,2,REP,RILEY MOORE,5400
Tucker,U.S. House,2,REP,RILEY MOORE,2467
Tyler,U.S. House,2,REP,RILEY MOORE,2807
Upshur,U.S. House,2,REP,RILEY MOORE,7351
Wetzel,U.S. House,2,REP,RILEY MOORE,4394
Wood,U.S. House,2,REP,RILEY MOORE,25713
Barbour,U.S. House,2,DEM,STEVEN WENDELIN,1247
Berkeley,U.S. House,2,DEM,STEVEN WENDELIN,15783
Brooke,U.S. House,2,DEM,STEVEN WENDELIN,2411
Doddridge,U.S. House,2,DEM,STEVEN WENDELIN,383
Grant,U.S. House,2,DEM,STEVEN WENDELIN,835
Hampshire,U.S. House,2,DEM,STEVEN WENDELIN,2341
Hancock,U.S. House,2,DEM,STEVEN WENDELIN,3067
Hardy,U.S. House,2,DEM,STEVEN WENDELIN,2058
Harrison,U.S. House,2,DEM,STEVEN WENDELIN,7782
Jefferson,U.S. House,2,DEM,STEVEN WENDELIN,10635
Lewis,U.S. House,2,DEM,STEVEN WENDELIN,1387
Marion,U.S. House,2,DEM,STEVEN WENDELIN,7822
Marshall,U.S. House,2,DEM,STEVEN WENDELIN,3031
Mineral,U.S. House,2,DEM,STEVEN WENDELIN,2722
Monongalia,U.S. House,2,DEM,STEVEN WENDELIN,18304
Morgan,U.S. House,2,DEM,STEVEN WENDELIN,1829
Ohio,U.S. House,2,DEM,STEVEN WENDELIN,5853
Pleasants,U.S. House,2,DEM,STEVEN WENDELIN,638
Preston,U.S. House,2,DEM,STEVEN WENDELIN,2979
Randolph,U.S. House,2,DEM,STEVEN WENDELIN,3067
Ritchie,U.S. House,2,DEM,STEVEN WENDELIN,530
Taylor,U.S. House,2,DEM,STEVEN WENDELIN,1593
Tucker,U.S. House,2,DEM,STEVEN WENDELIN,974
Tyler,U.S. House,2,DEM,STEVEN WENDELIN,592
Upshur,U.S. House,2,DEM,STEVEN WENDELIN,1979
Wetzel,U.S. House,2,DEM,STEVEN WENDELIN,1326
Wood,U.S. House,2,DEM,STEVEN WENDELIN,9607
Barbour,Governor,,REP,PATRICK MORRISEY,4521
Berkeley,Governor,,REP,PATRICK MORRISEY,33619
Boone,Governor,,REP,PATRICK MORRISEY,4874
Braxton,Governor,,REP,PATRICK MORRISEY,3329
Brooke,Governor,,REP,PATRICK MORRISEY,6250
Cabell,Governor,,REP,PATRICK MORRISEY,17316
Calhoun,Governor,,REP,PATRICK MORRISEY,2008
Clay,Governor,,REP,PATRICK MORRISEY,2065
Doddridge,Governor,,REP,PATRICK MORRISEY,2186
Fayette,Governor,,REP,PATRICK MORRISEY,9093
Gilmer,Governor,,REP,PATRICK MORRISEY,1522
Grant,Governor,,REP,PATRICK MORRISEY,4535
Greenbrier,Governor,,REP,PATRICK MORRISEY,9046
Hampshire,Governor,,REP,PATRICK MORRISEY,7755
Hancock,Governor,,REP,PATRICK MORRISEY,8590
Hardy,Governor,,REP,PATRICK MORRISEY,4497
Harrison,Governor,,REP,PATRICK MORRISEY,17953
Jackson,Governor,,REP,PATRICK MORRISEY,7886
Jefferson,Governor,,REP,PATRICK MORRISEY,16716
Kanawha,Governor,,REP,PATRICK MORRISEY,34907
Lewis,Governor,,REP,PATRICK MORRISEY,4873
Lincoln,Governor,,REP,PATRICK MORRISEY,4505
Logan,Governor,,REP,PATRICK MORRISEY,7424
Marion,Governor,,REP,PATRICK MORRISEY,13883
Marshall,Governor,,REP,PATRICK MORRISEY,8522
Mason,Governor,,REP,PATRICK MORRISEY,6455
McDowell,Governor,,REP,PATRICK MORRISEY,3489
Mercer,Governor,,REP,PATRICK MORRISEY,16234
Mineral,Governor,,REP,PATRICK MORRISEY,9771
Mingo,Governor,,REP,PATRICK MORRISEY,5873
Monongalia,Governor,,REP,PATRICK MORRISEY,19233
Monroe,Governor,,REP,PATRICK MORRISEY,4454
Morgan,Governor,,REP,PATRICK MORRISEY,6373
Nicholas,Governor,,REP,PATRICK MORRISEY,6699
Ohio,Governor,,REP,PATRICK MORRISEY,10634
Pendleton,Governor,,REP,PATRICK MORRISEY,2486
Pleasants,Governor,,REP,PATRICK MORRISEY,2358
Pocahontas,Governor,,REP,PATRICK MORRISEY,2465
Preston,Governor,,REP,PATRICK MORRISEY,9874
Putnam,Governor,,REP,PATRICK MORRISEY,16068
Raleigh,Governor,,REP,PATRICK MORRISEY,20000
Randolph,Governor,,REP,PATRICK MORRISEY,7142
Ritchie,Governor,,REP,PATRICK MORRISEY,2999
Roane,Governor,,REP,PATRICK MORRISEY,3526
Summers,Governor,,REP,PATRICK MORRISEY,3367
Taylor,Governor,,REP,PATRICK MORRISEY,4829
Tucker,Governor,,REP,PATRICK MORRISEY,2281
Tyler,Governor,,REP,PATRICK MORRISEY,2596
Upshur,Governor,,REP,PATRICK MORRISEY,6478
Wayne,Governor,,REP,PATRICK MORRISEY,9471
Webster,Governor,,REP,PATRICK MORRISEY,2038
Wetzel,Governor,,REP,PATRICK MORRISEY,4007
Wirt,Governor,,REP,PATRICK MORRISEY,1788
Wood,Governor,,REP,PATRICK MORRISEY,23422
Wyoming,Governor,,REP,PATRICK MORRISEY,5015
Barbour,Governor,,DEM,STEVE WILLIAMS,1298
Berkeley,Governor,,DEM,STEVE WILLIAMS,15120
Boone,Governor,,DEM,STEVE WILLIAMS,2509
Braxton,Governor,,DEM,STEVE WILLIAMS,1535
Brooke,Governor,,DEM,STEVE WILLIAMS,2615
Cabell,Governor,,DEM,STEVE WILLIAMS,15432
Calhoun,Governor,,DEM,STEVE WILLIAMS,607
Clay,Governor,,DEM,STEVE WILLIAMS,857
Doddridge,Governor,,DEM,STEVE WILLIAMS,506
Fayette,Governor,,DEM,STEVE WILLIAMS,5006
Gilmer,Governor,,DEM,STEVE WILLIAMS,594
Grant,Governor,,DEM,STEVE WILLIAMS,583
Greenbrier,Governor,,DEM,STEVE WILLIAMS,4944
Hampshire,Governor,,DEM,STEVE WILLIAMS,1794
Hancock,Governor,,DEM,STEVE WILLIAMS,3335
Hardy,Governor,,DEM,STEVE WILLIAMS,1364
Harrison,Governor,,DEM,STEVE WILLIAMS,8771
Jackson,Governor,,DEM,STEVE WILLIAMS,3499
Jefferson,Governor,,DEM,STEVE WILLIAMS,10705
Kanawha,Governor,,DEM,STEVE WILLIAMS,33906
Lewis,Governor,,DEM,STEVE WILLIAMS,1501
Lincoln,Governor,,DEM,STEVE WILLIAMS,1942
Logan,Governor,,DEM,STEVE WILLIAMS,2865
Marion,Governor,,DEM,STEVE WILLIAMS,8380
Marshall,Governor,,DEM,STEVE WILLIAMS,3605
Mason,Governor,,DEM,STEVE WILLIAMS,3239
McDowell,Governor,,DEM,STEVE WILLIAMS,1189
Mercer,Governor,,DEM,STEVE WILLIAMS,5560
Mineral,Governor,,DEM,STEVE WILLIAMS,2306
Mingo,Governor,,DEM,STEVE WILLIAMS,1781
Monongalia,Governor,,DEM,STEVE WILLIAMS,18949
Monroe,Governor,,DEM,STEVE WILLIAMS,1470
Morgan,Governor,,DEM,STEVE WILLIAMS,1747
Nicholas,Governor,,DEM,STEVE WILLIAMS,2552
Ohio,Governor,,DEM,STEVE WILLIAMS,6646
Pendleton,Governor,,DEM,STEVE WILLIAMS,661
Pleasants,Governor,,DEM,STEVE WILLIAMS,675
Pocahontas,Governor,,DEM,STEVE WILLIAMS,1057
Preston,Governor,,DEM,STEVE WILLIAMS,3055
Putnam,Governor,,DEM,STEVE WILLIAMS,9220
Raleigh,Governor,,DEM,STEVE WILLIAMS,8125
Randolph,Governor,,DEM,STEVE WILLIAMS,3376
Ritchie,Governor,,DEM,STEVE WILLIAMS,642
Roane,Governor,,DEM,STEVE WILLIAMS,1535
Summers,Governor,,DEM,STEVE WILLIAMS,1474
Taylor,Governor,,DEM,STEVE WILLIAMS,1802
Tucker,Governor,,DEM,STEVE WILLIAMS,1040
Tyler,Governor,,DEM,STEVE WILLIAMS,624
Upshur,Governor,,DEM,STEVE WILLIAMS,1948
Wayne,Governor,,DEM,STEVE WILLIAMS,5030
Webster,Governor,,DEM,STEVE WILLIAMS,680
Wetzel,Governor,,DEM,STEVE WILLIAMS,1560
Wirt,Governor,,DEM,STEVE WILLIAMS,523
Wood,Governor,,DEM,STEVE WILLIAMS,10532
Wyoming,Governor,,DEM,STEVE WILLIAMS,1705
Barbour,Governor,,LBN,ERIKA KLIE KOLENICH,318
Berkeley,Governor,,LBN,ERIKA KLIE KOLENICH,1079
Boone,Governor,,LBN,ERIKA KLIE KOLENICH,138
Braxton,Governor,,LBN,ERIKA KLIE KOLENICH,187
Brooke,Governor,,LBN,ERIKA KLIE KOLENICH,331
Cabell,Governor,,LBN,ERIKA KLIE KOLENICH,907
Calhoun,Governor,,LBN,ERIKA KLIE KOLENICH,83
Clay,Governor,,LBN,ERIKA KLIE KOLENICH,74
Doddridge,Governor,,LBN,ERIKA KLIE KOLENICH,77
Fayette,Governor,,LBN,ERIKA KLIE KOLENICH,387
Gilmer,Governor,,LBN,ERIKA KLIE KOLENICH,97
Grant,Governor,,LBN,ERIKA KLIE KOLENICH,89
Greenbrier,Governor,,LBN,ERIKA KLIE KOLENICH,337
Hampshire,Governor,,LBN,ERIKA KLIE KOLENICH,170
Hancock,Governor,,LBN,ERIKA KLIE KOLENICH,356
Hardy,Governor,,LBN,ERIKA KLIE KOLENICH,144
Harrison,Governor,,LBN,ERIKA KLIE KOLENICH,1411
Jackson,Governor,,LBN,ERIKA KLIE KOLENICH,281
Jefferson,Governor,,LBN,ERIKA KLIE KOLENICH,498
Kanawha,Governor,,LBN,ERIKA KLIE KOLENICH,1547
Lewis,Governor,,LBN,ERIKA KLIE KOLENICH,452
Lincoln,Governor,,LBN,ERIKA KLIE KOLENICH,140
Logan,Governor,,LBN,ERIKA KLIE KOLENICH,160
Marion,Governor,,LBN,ERIKA KLIE KOLENICH,1210
Marshall,Governor,,LBN,ERIKA KLIE KOLENICH,478
Mason,Governor,,LBN,ERIKA KLIE KOLENICH,201
McDowell,Governor,,LBN,ERIKA KLIE KOLENICH,80
Mercer,Governor,,LBN,ERIKA KLIE KOLENICH,463
Mineral,Governor,,LBN,ERIKA KLIE KOLENICH,244
Mingo,Governor,,LBN,ERIKA KLIE KOLENICH,90
Monongalia,Governor,,LBN,ERIKA KLIE KOLENICH,1510
Monroe,Governor,,LBN,ERIKA KLIE KOLENICH,109
Morgan,Governor,,LBN,ERIKA KLIE KOLENICH,131
Nicholas,Governor,,LBN,ERIKA KLIE KOLENICH,247
Ohio,Governor,,LBN,ERIKA KLIE KOLENICH,576
Pendleton,Governor,,LBN,ERIKA KLIE KOLENICH,72
Pleasants,Governor,,LBN,ERIKA KLIE KOLENICH,97
Pocahontas,Governor,,LBN,ERIKA KLIE KOLENICH,120
Preston,Governor,,LBN,ERIKA KLIE KOLENICH,494
Putnam,Governor,,LBN,ERIKA KLIE KOLENICH,618
Raleigh,Governor,,LBN,ERIKA KLIE KOLENICH,791
Randolph,Governor,,LBN,ERIKA KLIE KOLENICH,550
Ritchie,Governor,,LBN,ERIKA KLIE KOLENICH,85
Roane,Governor,,LBN,ERIKA KLIE KOLENICH,151
Summers,Governor,,LBN,ERIKA KLIE KOLENICH,104
Taylor,Governor,,LBN,ERIKA KLIE KOLENICH,296
Tucker,Governor,,LBN,ERIKA KLIE KOLENICH,139
Tyler,Governor,,LBN,ERIKA KLIE KOLENICH,154
Upshur,Governor,,LBN,ERIKA KLIE KOLENICH,1060
Wayne,Governor,,LBN,ERIKA KLIE KOLENICH,294
Webster,Governor,,LBN,ERIKA KLIE KOLENICH,115
Wetzel,Governor,,LBN,ERIKA KLIE KOLENICH,201
Wirt,Governor,,LBN,ERIKA KLIE KOLENICH,77
Wood,Governor,,LBN,ERIKA KLIE KOLENICH,1068
Wyoming,Governor,,LBN,ERIKA KLIE KOLENICH,140
Barbour,Governor,,CST,S. MARSHALL WILSON,69
Berkeley,Governor,,CST,S. MARSHALL WILSON,4848
Boone,Governor,,CST,S. MARSHALL WILSON,112
Braxton,Governor,,CST,S. MARSHALL WILSON,65
Brooke,Governor,,CST,S. MARSHALL WILSON,152
Cabell,Governor,,CST,S. MARSHALL WILSON,663
Calhoun,Governor,,CST,S. MARSHALL WILSON,39
Clay,Governor,,CST,S. MARSHALL WILSON,62
Doddridge,Governor,,CST,S. MARSHALL WILSON,65
Fayette,Governor,,CST,S. MARSHALL WILSON,310
Gilmer,Governor,,CST,S. MARSHALL WILSON,30
Grant,Governor,,CST,S. MARSHALL WILSON,79
Greenbrier,Governor,,CST,S. MARSHALL WILSON,203
Hampshire,Governor,,CST,S. MARSHALL WILSON,368
Hancock,Governor,,CST,S. MARSHALL WILSON,197
Hardy,Governor,,CST,S. MARSHALL WILSON,209
Harrison,Governor,,CST,S. MARSHALL WILSON,429
Jackson,Governor,,CST,S. MARSHALL WILSON,651
Jefferson,Governor,,CST,S. MARSHALL WILSON,521
Kanawha,Governor,,CST,S. MARSHALL WILSON,919
Lewis,Governor,,CST,S. MARSHALL WILSON,83
Lincoln,Governor,,CST,S. MARSHALL WILSON,206
Logan,Governor,,CST,S. MARSHALL WILSON,82
Marion,Governor,,CST,S. MARSHALL WILSON,339
Marshall,Governor,,CST,S. MARSHALL WILSON,168
Mason,Governor,,CST,S. MARSHALL WILSON,252
McDowell,Governor,,CST,S. MARSHALL WILSON,139
Mercer,Governor,,CST,S. MARSHALL WILSON,371
Mineral,Governor,,CST,S. MARSHALL WILSON,250
Mingo,Governor,,CST,S. MARSHALL WILSON,98
Monongalia,Governor,,CST,S. MARSHALL WILSON,372
Monroe,Governor,,CST,S. MARSHALL WILSON,74
Morgan,Governor,,CST,S. MARSHALL WILSON,486
Nicholas,Governor,,CST,S. MARSHALL WILSON,142
Ohio,Governor,,CST,S. MARSHALL WILSON,190
Pendleton,Governor,,CST,S. MARSHALL WILSON,53
Pleasants,Governor,,CST,S. MARSHALL WILSON,71
Pocahontas,Governor,,CST,S. MARSHALL WILSON,62
Preston,Governor,,CST,S. MARSHALL WILSON,424
Putnam,Governor,,CST,S. MARSHALL WILSON,538
Raleigh,Governor,,CST,S. MARSHALL WILSON,435
Randolph,Governor,,CST,S. MARSHALL WILSON,147
Ritchie,Governor,,CST,S. MARSHALL WILSON,108
Roane,Governor,,CST,S. MARSHALL WILSON,77
Summers,Governor,,CST,S. MARSHALL WILSON,55
Taylor,Governor,,CST,S. MARSHALL WILSON,120
Tucker,Governor,,CST,S. MARSHALL WILSON,51
Tyler,Governor,,CST,S. MARSHALL WILSON,90
Upshur,Governor,,CST,S. MARSHALL WILSON,111
Wayne,Governor,,CST,S. MARSHALL WILSON,254
Webster,Governor,,CST,S. MARSHALL WILSON,24
Wetzel,Governor,,CST,S. MARSHALL WILSON,96
Wirt,Governor,,CST,S. MARSHALL WILSON,56
Wood,Governor,,CST,S. MARSHALL WILSON,662
Wyoming,Governor,,CST,S. MARSHALL WILSON,151
Barbour,Governor,,MTN,CHASE LINKO-LOOPER,28
Berkeley,Governor,,MTN,CHASE LINKO-LOOPER,375
Boone,Governor,,MTN,CHASE LINKO-LOOPER,208
Braxton,Governor,,MTN,CHASE LINKO-LOOPER,44
Brooke,Governor,,MTN,CHASE LINKO-LOOPER,81
Cabell,Governor,,MTN,CHASE LINKO-LOOPER,383
Calhoun,Governor,,MTN,CHASE LINKO-LOOPER,37
Clay,Governor,,MTN,CHASE LINKO-LOOPER,77
Doddridge,Governor,,MTN,CHASE LINKO-LOOPER,25
Fayette,Governor,,MTN,CHASE LINKO-LOOPER,273
Gilmer,Governor,,MTN,CHASE LINKO-LOOPER,24
Grant,Governor,,MTN,CHASE LINKO-LOOPER,34
Greenbrier,Governor,,MTN,CHASE LINKO-LOOPER,135
Hampshire,Governor,,MTN,CHASE LINKO-LOOPER,73
Hancock,Governor,,MTN,CHASE LINKO-LOOPER,131
Hardy,Governor,,MTN,CHASE LINKO-LOOPER,38
Harrison,Governor,,MTN,CHASE LINKO-LOOPER,232
Jackson,Governor,,MTN,CHASE LINKO-LOOPER,201
Jefferson,Governor,,MTN,CHASE LINKO-LOOPER,268
Kanawha,Governor,,MTN,CHASE LINKO-LOOPER,2053
Lewis,Governor,,MTN,CHASE LINKO-LOOPER,46
Lincoln,Governor,,MTN,CHASE LINKO-LOOPER,122
Logan,Governor,,MTN,CHASE LINKO-LOOPER,210
Marion,Governor,,MTN,CHASE LINKO-LOOPER,304
Marshall,Governor,,MTN,CHASE LINKO-LOOPER,179
Mason,Governor,,MTN,CHASE LINKO-LOOPER,112
McDowell,Governor,,MTN,CHASE LINKO-LOOPER,91
Mercer,Governor,,MTN,CHASE LINKO-LOOPER,284
Mineral,Governor,,MTN,CHASE LINKO-LOOPER,84
Mingo,Governor,,MTN,CHASE LINKO-LOOPER,115
Monongalia,Governor,,MTN,CHASE LINKO-LOOPER,466
Monroe,Governor,,MTN,CHASE LINKO-LOOPER,75
Morgan,Governor,,MTN,CHASE LINKO-LOOPER,78
Nicholas,Governor,,MTN,CHASE LINKO-LOOPER,106
Ohio,Governor,,MTN,CHASE LINKO-LOOPER,196
Pendleton,Governor,,MTN,CHASE LINKO-LOOPER,30
Pleasants,Governor,,MTN,CHASE LINKO-LOOPER,28
Pocahontas,Governor,,MTN,CHASE LINKO-LOOPER,48
Preston,Governor,,MTN,CHASE LINKO-LOOPER,115
Putnam,Governor,,MTN,CHASE LINKO-LOOPER,352
Raleigh,Governor,,MTN,CHASE LINKO-LOOPER,452
Randolph,Governor,,MTN,CHASE LINKO-LOOPER,79
Ritchie,Governor,,MTN,CHASE LINKO-LOOPER,42
Roane,Governor,,MTN,CHASE LINKO-LOOPER,76
Summers,Governor,,MTN,CHASE LINKO-LOOPER,72
Taylor,Governor,,MTN,CHASE LINKO-LOOPER,63
Tucker,Governor,,MTN,CHASE LINKO-LOOPER,37
Tyler,Governor,,MTN,CHASE LINKO-LOOPER,46
Upshur,Governor,,MTN,CHASE LINKO-LOOPER,42
Wayne,Governor,,MTN,CHASE LINKO-LOOPER,149
Webster,Governor,,MTN,CHASE LINKO-LOOPER,20
Wetzel,Governor,,MTN,CHASE LINKO-LOOPER,73
Wirt,Governor,,MTN,CHASE LINKO-LOOPER,24
Wood,Governor,,MTN,CHASE LINKO-LOOPER,507
Wyoming,Governor,,MTN,CHASE LINKO-LOOPER,153
Barbour,Secretary of State,,REP,KRIS WARNER,4844
Berkeley,Secretary of State,,REP,KRIS WARNER,36897
Boone,Secretary of State,,REP,KRIS WARNER,5639
Braxton,Secretary of State,,REP,KRIS WARNER,3706
Brooke,Secretary of State,,REP,KRIS WARNER,6519
Cabell,Secretary of State,,REP,KRIS WARNER,20802
Calhoun,Secretary of State,,REP,KRIS WARNER,2054
Clay,Secretary of State,,REP,KRIS WARNER,2401
Doddridge,Secretary of State,,REP,KRIS WARNER,2420
Fayette,Secretary of State,,REP,KRIS WARNER,10388
Gilmer,Secretary of State,,REP,KRIS WARNER,1691
Grant,Secretary of State,,REP,KRIS WARNER,4489
Greenbrier,Secretary of State,,REP,KRIS WARNER,10260
Hampshire,Secretary of State,,REP,KRIS WARNER,8043
Hancock,Secretary of State,,REP,KRIS WARNER,8980
Hardy,Secretary of State,,REP,KRIS WARNER,4762
Harrison,Secretary of State,,REP,KRIS WARNER,20330
Jackson,Secretary of State,,REP,KRIS WARNER,9484
Jefferson,Secretary of State,,REP,KRIS WARNER,16599
Kanawha,Secretary of State,,REP,KRIS WARNER,43320
Lewis,Secretary of State,,REP,KRIS WARNER,5405
Lincoln,Secretary of State,,REP,KRIS WARNER,5223
Logan,Secretary of State,,REP,KRIS WARNER,8023
Marion,Secretary of State,,REP,KRIS WARNER,15607
Marshall,Secretary of State,,REP,KRIS WARNER,9273
Mason,Secretary of State,,REP,KRIS WARNER,7725
McDowell,Secretary of State,,REP,KRIS WARNER,3550
Mercer,Secretary of State,,REP,KRIS WARNER,17481
Mineral,Secretary of State,,REP,KRIS WARNER,9958
Mingo,Secretary of State,,REP,KRIS WARNER,6226
Monongalia,Secretary of State,,REP,KRIS WARNER,21324
Monroe,Secretary of State,,REP,KRIS WARNER,4841
Morgan,Secretary of State,,REP,KRIS WARNER,6658
Nicholas,Secretary of State,,REP,KRIS WARNER,7464
Ohio,Secretary of State,,REP,KRIS WARNER,11453
Pendleton,Secretary of State,,REP,KRIS WARNER,2495
Pleasants,Secretary of State,,REP,KRIS WARNER,2468
Pocahontas,Secretary of State,,REP,KRIS WARNER,2655
Preston,Secretary of State,,REP,KRIS WARNER,10694
Putnam,Secretary of State,,REP,KRIS WARNER,19432
Raleigh,Secretary of State,,REP,KRIS WARNER,22210
Randolph,Secretary of State,,REP,KRIS WARNER,7863
Ritchie,Secretary of State,,REP,KRIS WARNER,3225
Roane,Secretary of State,,REP,KRIS WARNER,4056
Summers,Secretary of State,,REP,KRIS WARNER,3691
Taylor,Secretary of State,,REP,KRIS WARNER,5356
Tucker,Secretary of State,,REP,KRIS WARNER,2413
Tyler,Secretary of State,,REP,KRIS WARNER,2857
Upshur,Secretary of State,,REP,KRIS WARNER,7376
Wayne,Secretary of State,,REP,KRIS WARNER,10612
Webster,Secretary of State,,REP,KRIS WARNER,2209
Wetzel,Secretary of State,,REP,KRIS WARNER,4295
Wirt,Secretary of State,,REP,KRIS WARNER,1930
Wood,Secretary of State,,REP,KRIS WARNER,25589
Wyoming,Secretary of State,,REP,KRIS WARNER,5727
Barbour,Secretary of State,,DEM,THORNTON COOPER,1187
Berkeley,Secretary of State,,DEM,THORNTON COOPER,16796
Boone,Secretary of State,,DEM,THORNTON COOPER,1922
Braxton,Secretary of State,,DEM,THORNTON COOPER,1245
Brooke,Secretary of State,,DEM,THORNTON COOPER,2608
Cabell,Secretary of State,,DEM,THORNTON COOPER,12325
Calhoun,Secretary of State,,DEM,THORNTON COOPER,573
Clay,Secretary of State,,DEM,THORNTON COOPER,620
Doddridge,Secretary of State,,DEM,THORNTON COOPER,365
Fayette,Secretary of State,,DEM,THORNTON COOPER,4317
Gilmer,Secretary of State,,DEM,THORNTON COOPER,522
Grant,Secretary of State,,DEM,THORNTON COOPER,532
Greenbrier,Secretary of State,,DEM,THORNTON COOPER,3998
Hampshire,Secretary of State,,DEM,THORNTON COOPER,1824
Hancock,Secretary of State,,DEM,THORNTON COOPER,3283
Hardy,Secretary of State,,DEM,THORNTON COOPER,1303
Harrison,Secretary of State,,DEM,THORNTON COOPER,7841
Jackson,Secretary of State,,DEM,THORNTON COOPER,2718
Jefferson,Secretary of State,,DEM,THORNTON COOPER,11398
Kanawha,Secretary of State,,DEM,THORNTON COOPER,27859
Lewis,Secretary of State,,DEM,THORNTON COOPER,1340
Lincoln,Secretary of State,,DEM,THORNTON COOPER,1470
Logan,Secretary of State,,DEM,THORNTON COOPER,2017
Marion,Secretary of State,,DEM,THORNTON COOPER,7971
Marshall,Secretary of State,,DEM,THORNTON COOPER,3294
Mason,Secretary of State,,DEM,THORNTON COOPER,2257
McDowell,Secretary of State,,DEM,THORNTON COOPER,1051
Mercer,Secretary of State,,DEM,THORNTON COOPER,4802
Mineral,Secretary of State,,DEM,THORNTON COOPER,2406
Mingo,Secretary of State,,DEM,THORNTON COOPER,1288
Monongalia,Secretary of State,,DEM,THORNTON COOPER,18436
Monroe,Secretary of State,,DEM,THORNTON COOPER,1228
Morgan,Secretary of State,,DEM,THORNTON COOPER,1880
Nicholas,Secretary of State,,DEM,THORNTON COOPER,1941
Ohio,Secretary of State,,DEM,THORNTON COOPER,6276
Pendleton,Secretary of State,,DEM,THORNTON COOPER,661
Pleasants,Secretary of State,,DEM,THORNTON COOPER,677
Pocahontas,Secretary of State,,DEM,THORNTON COOPER,941
Preston,Secretary of State,,DEM,THORNTON COOPER,2866
Putnam,Secretary of State,,DEM,THORNTON COOPER,6660
Raleigh,Secretary of State,,DEM,THORNTON COOPER,6602
Randolph,Secretary of State,,DEM,THORNTON COOPER,3042
Ritchie,Secretary of State,,DEM,THORNTON COOPER,525
Roane,Secretary of State,,DEM,THORNTON COOPER,1175
Summers,Secretary of State,,DEM,THORNTON COOPER,1232
Taylor,Secretary of State,,DEM,THORNTON COOPER,1628
Tucker,Secretary of State,,DEM,THORNTON COOPER,995
Tyler,Secretary of State,,DEM,THORNTON COOPER,566
Upshur,Secretary of State,,DEM,THORNTON COOPER,1957
Wayne,Secretary of State,,DEM,THORNTON COOPER,3575
Webster,Secretary of State,,DEM,THORNTON COOPER,533
Wetzel,Secretary of State,,DEM,THORNTON COOPER,1427
Wirt,Secretary of State,,DEM,THORNTON COOPER,452
Wood,Secretary of State,,DEM,THORNTON COOPER,9692
Wyoming,Secretary of State,,DEM,THORNTON COOPER,1139
Barbour,Auditor,,REP,MARK HUNT,4595
Berkeley,Auditor,,REP,MARK HUNT,35641
Boone,Auditor,,REP,MARK HUNT,5595
Braxton,Auditor,,REP,MARK HUNT,3558
Brooke,Auditor,,REP,MARK HUNT,6162
Cabell,Auditor,,REP,MARK HUNT,19815
Calhoun,Auditor,,REP,MARK HUNT,2020
Clay,Auditor,,REP,MARK HUNT,2244
Doddridge,Auditor,,REP,MARK HUNT,2297
Fayette,Auditor,,REP,MARK HUNT,10164
Gilmer,Auditor,,REP,MARK HUNT,1555
Grant,Auditor,,REP,MARK HUNT,4346
Greenbrier,Auditor,,REP,MARK HUNT,9861
Hampshire,Auditor,,REP,MARK HUNT,7799
Hancock,Auditor,,REP,MARK HUNT,8584
Hardy,Auditor,,REP,MARK HUNT,4553
Harrison,Auditor,,REP,MARK HUNT,19029
Jackson,Auditor,,REP,MARK HUNT,9365
Jefferson,Auditor,,REP,MARK HUNT,16052
Kanawha,Auditor,,REP,MARK HUNT,40729
Lewis,Auditor,,REP,MARK HUNT,5148
Lincoln,Auditor,,REP,MARK HUNT,5062
Logan,Auditor,,REP,MARK HUNT,7828
Marion,Auditor,,REP,MARK HUNT,14288
Marshall,Auditor,,REP,MARK HUNT,8767
Mason,Auditor,,REP,MARK HUNT,7484
McDowell,Auditor,,REP,MARK HUNT,3404
Mercer,Auditor,,REP,MARK HUNT,16976
Mineral,Auditor,,REP,MARK HUNT,9698
Mingo,Auditor,,REP,MARK HUNT,6123
Monongalia,Auditor,,REP,MARK HUNT,20099
Monroe,Auditor,,REP,MARK HUNT,4756
Morgan,Auditor,,REP,MARK HUNT,6453
Nicholas,Auditor,,REP,MARK HUNT,7274
Ohio,Auditor,,REP,MARK HUNT,10660
Pendleton,Auditor,,REP,MARK HUNT,2374
Pleasants,Auditor,,REP,MARK HUNT,2355
Pocahontas,Auditor,,REP,MARK HUNT,2505
Preston,Auditor,,REP,MARK HUNT,10060
Putnam,Auditor,,REP,MARK HUNT,18280
Raleigh,Auditor,,REP,MARK HUNT,21508
Randolph,Auditor,,REP,MARK HUNT,7550
Ritchie,Auditor,,REP,MARK HUNT,3055
Roane,Auditor,,REP,MARK HUNT,4022
Summers,Auditor,,REP,MARK HUNT,3503
Taylor,Auditor,,REP,MARK HUNT,5032
Tucker,Auditor,,REP,MARK HUNT,2318
Tyler,Auditor,,REP,MARK HUNT,2706
Upshur,Auditor,,REP,MARK HUNT,7097
Wayne,Auditor,,REP,MARK HUNT,10224
Webster,Auditor,,REP,MARK HUNT,2075
Wetzel,Auditor,,REP,MARK HUNT,4074
Wirt,Auditor,,REP,MARK HUNT,1871
Wood,Auditor,,REP,MARK HUNT,24637
Wyoming,Auditor,,REP,MARK HUNT,5507
Barbour,Auditor,,DEM,MARY ANN ROEBUCK CLAYTOR,1325
Berkeley,Auditor,,DEM,MARY ANN ROEBUCK CLAYTOR,17543
Boone,Auditor,,DEM,MARY ANN ROEBUCK CLAYTOR,1968
Braxton,Auditor,,DEM,MARY ANN ROEBUCK CLAYTOR,1336
Brooke,Auditor,,DEM,MARY ANN ROEBUCK CLAYTOR,2854
Cabell,Auditor,,DEM,MARY ANN ROEBUCK CLAYTOR,13158
Calhoun,Auditor,,DEM,MARY ANN ROEBUCK CLAYTOR,589
Clay,Auditor,,DEM,MARY ANN ROEBUCK CLAYTOR,767
Doddridge,Auditor,,DEM,MARY ANN ROEBUCK CLAYTOR,442
Fayette,Auditor,,DEM,MARY ANN ROEBUCK CLAYTOR,4466
Gilmer,Auditor,,DEM,MARY ANN ROEBUCK CLAYTOR,602
Grant,Auditor,,DEM,MARY ANN ROEBUCK CLAYTOR,602
Greenbrier,Auditor,,DEM,MARY ANN ROEBUCK CLAYTOR,4222
Hampshire,Auditor,,DEM,MARY ANN ROEBUCK CLAYTOR,1984
Hancock,Auditor,,DEM,MARY ANN ROEBUCK CLAYTOR,3591
Hardy,Auditor,,DEM,MARY ANN ROEBUCK CLAYTOR,1449
Harrison,Auditor,,DEM,MARY ANN ROEBUCK CLAYTOR,8748
Jackson,Auditor,,DEM,MARY ANN ROEBUCK CLAYTOR,2815
Jefferson,Auditor,,DEM,MARY ANN ROEBUCK CLAYTOR,11710
Kanawha,Auditor,,DEM,MARY ANN ROEBUCK CLAYTOR,30206
Lewis,Auditor,,DEM,MARY ANN ROEBUCK CLAYTOR,1535
Lincoln,Auditor,,DEM,MARY ANN ROEBUCK CLAYTOR,1565
Logan,Auditor,,DEM,MARY ANN ROEBUCK CLAYTOR,2093
Marion,Auditor,,DEM,MARY ANN ROEBUCK CLAYTOR,8896
Marshall,Auditor,,DEM,MARY ANN ROEBUCK CLAYTOR,3718
Mason,Auditor,,DEM,MARY ANN ROEBUCK CLAYTOR,2470
McDowell,Auditor,,DEM,MARY ANN ROEBUCK CLAYTOR,1130
Mercer,Auditor,,DEM,MARY ANN ROEBUCK CLAYTOR,5122
Mineral,Auditor,,DEM,MARY ANN ROEBUCK CLAYTOR,2609
Mingo,Auditor,,DEM,MARY ANN ROEBUCK CLAYTOR,1284
Monongalia,Auditor,,DEM,MARY ANN ROEBUCK CLAYTOR,19044
Monroe,Auditor,,DEM,MARY ANN ROEBUCK CLAYTOR,1247
Morgan,Auditor,,DEM,MARY ANN ROEBUCK CLAYTOR,1988
Nicholas,Auditor,,DEM,MARY ANN ROEBUCK CLAYTOR,2074
Ohio,Auditor,,DEM,MARY ANN ROEBUCK CLAYTOR,6888
Pendleton,Auditor,,DEM,MARY ANN ROEBUCK CLAYTOR,741
Pleasants,Auditor,,DEM,MARY ANN ROEBUCK CLAYTOR,749
Pocahontas,Auditor,,DEM,MARY ANN ROEBUCK CLAYTOR,1026
Preston,Auditor,,DEM,MARY ANN ROEBUCK CLAYTOR,3291
Putnam,Auditor,,DEM,MARY ANN ROEBUCK CLAYTOR,7582
Raleigh,Auditor,,DEM,MARY ANN ROEBUCK CLAYTOR,7034
Randolph,Auditor,,DEM,MARY ANN ROEBUCK CLAYTOR,3212
Ritchie,Auditor,,DEM,MARY ANN ROEBUCK CLAYTOR,614
Roane,Auditor,,DEM,MARY ANN ROEBUCK CLAYTOR,1220
Summers,Auditor,,DEM,MARY ANN ROEBUCK CLAYTOR,1326
Taylor,Auditor,,DEM,MARY ANN ROEBUCK CLAYTOR,1871
Tucker,Auditor,,DEM,MARY ANN ROEBUCK CLAYTOR,1022
Tyler,Auditor,,DEM,MARY ANN ROEBUCK CLAYTOR,663
Upshur,Auditor,,DEM,MARY ANN ROEBUCK CLAYTOR,2109
Wayne,Auditor,,DEM,MARY ANN ROEBUCK CLAYTOR,3836
Webster,Auditor,,DEM,MARY ANN ROEBUCK CLAYTOR,617
Wetzel,Auditor,,DEM,MARY ANN ROEBUCK CLAYTOR,1550
Wirt,Auditor,,DEM,MARY ANN ROEBUCK CLAYTOR,487
Wood,Auditor,,DEM,MARY ANN ROEBUCK CLAYTOR,10249
Wyoming,Auditor,,DEM,MARY ANN ROEBUCK CLAYTOR,1252
Barbour,TREASURER,,REP,LARRY PACK,5298
Berkeley,TREASURER,,REP,LARRY PACK,44958
Boone,TREASURER,,REP,LARRY PACK,6618
Braxton,TREASURER,,REP,LARRY PACK,4139
Brooke,TREASURER,,REP,LARRY PACK,7788
Cabell,TREASURER,,REP,LARRY PACK,26419
Calhoun,TREASURER,,REP,LARRY PACK,2287
Clay,TREASURER,,REP,LARRY PACK,2673
Doddridge,TREASURER,,REP,LARRY PACK,2570
Fayette,TREASURER,,REP,LARRY PACK,12302
Gilmer,TREASURER,,REP,LARRY PACK,1871
Grant,TREASURER,,REP,LARRY PACK,4614
Greenbrier,TREASURER,,REP,LARRY PACK,11851
Hampshire,TREASURER,,REP,LARRY PACK,8785
Hancock,TREASURER,,REP,LARRY PACK,10688
Hardy,TREASURER,,REP,LARRY PACK,5310
Harrison,TREASURER,,REP,LARRY PACK,23634
Jackson,TREASURER,,REP,LARRY PACK,10732
Jefferson,TREASURER,,REP,LARRY PACK,21663
Kanawha,TREASURER,,REP,LARRY PACK,55122
Lewis,TREASURER,,REP,LARRY PACK,5952
Lincoln,TREASURER,,REP,LARRY PACK,5915
Logan,TREASURER,,REP,LARRY PACK,8742
Marion,TREASURER,,REP,LARRY PACK,19213
Marshall,TREASURER,,REP,LARRY PACK,10977
Mason,TREASURER,,REP,LARRY PACK,8868
McDowell,TREASURER,,REP,LARRY PACK,3961
Mercer,TREASURER,,REP,LARRY PACK,19727
Mineral,TREASURER,,REP,LARRY PACK,11118
Mingo,TREASURER,,REP,LARRY PACK,6758
Monongalia,TREASURER,,REP,LARRY PACK,29752
Monroe,TREASURER,,REP,LARRY PACK,5414
Morgan,TREASURER,,REP,LARRY PACK,7376
Nicholas,TREASURER,,REP,LARRY PACK,8176
Ohio,TREASURER,,REP,LARRY PACK,14509
Pendleton,TREASURER,,REP,LARRY PACK,2696
Pleasants,TREASURER,,REP,LARRY PACK,2791
Pocahontas,TREASURER,,REP,LARRY PACK,2972
Preston,TREASURER,,REP,LARRY PACK,11921
Putnam,TREASURER,,REP,LARRY PACK,21909
Raleigh,TREASURER,,REP,LARRY PACK,25208
Randolph,TREASURER,,REP,LARRY PACK,9140
Ritchie,TREASURER,,REP,LARRY PACK,3390
Roane,TREASURER,,REP,LARRY PACK,4571
Summers,TREASURER,,REP,LARRY PACK,4234
Taylor,TREASURER,,REP,LARRY PACK,6123
Tucker,TREASURER,,REP,LARRY PACK,2779
Tyler,TREASURER,,REP,LARRY PACK,3127
Upshur,TREASURER,,REP,LARRY PACK,8159
Wayne,TREASURER,,REP,LARRY PACK,12214
Webster,TREASURER,,REP,LARRY PACK,2361
Wetzel,TREASURER,,REP,LARRY PACK,4931
Wirt,TREASURER,,REP,LARRY PACK,2168
Wood,TREASURER,,REP,LARRY PACK,29896
Wyoming,TREASURER,,REP,LARRY PACK,6348
Barbour,Commissioner of Agriculture,,REP,KENT LEONHARDT,4470
Berkeley,Commissioner of Agriculture,,REP,KENT LEONHARDT,35906
Boone,Commissioner of Agriculture,,REP,KENT LEONHARDT,5265
Braxton,Commissioner of Agriculture,,REP,KENT LEONHARDT,3492
Brooke,Commissioner of Agriculture,,REP,KENT LEONHARDT,6124
Cabell,Commissioner of Agriculture,,REP,KENT LEONHARDT,19711
Calhoun,Commissioner of Agriculture,,REP,KENT LEONHARDT,1954
Clay,Commissioner of Agriculture,,REP,KENT LEONHARDT,2206
Doddridge,Commissioner of Agriculture,,REP,KENT LEONHARDT,2386
Fayette,Commissioner of Agriculture,,REP,KENT LEONHARDT,9758
Gilmer,Commissioner of Agriculture,,REP,KENT LEONHARDT,1631
Grant,Commissioner of Agriculture,,REP,KENT LEONHARDT,4300
Greenbrier,Commissioner of Agriculture,,REP,KENT LEONHARDT,10096
Hampshire,Commissioner of Agriculture,,REP,KENT LEONHARDT,7709
Hancock,Commissioner of Agriculture,,REP,KENT LEONHARDT,8607
Hardy,Commissioner of Agriculture,,REP,KENT LEONHARDT,4582
Harrison,Commissioner of Agriculture,,REP,KENT LEONHARDT,19152
Jackson,Commissioner of Agriculture,,REP,KENT LEONHARDT,9355
Jefferson,Commissioner of Agriculture,,REP,KENT LEONHARDT,16260
Kanawha,Commissioner of Agriculture,,REP,KENT LEONHARDT,40498
Lewis,Commissioner of Agriculture,,REP,KENT LEONHARDT,5230
Lincoln,Commissioner of Agriculture,,REP,KENT LEONHARDT,4965
Logan,Commissioner of Agriculture,,REP,KENT LEONHARDT,7406
Marion,Commissioner of Agriculture,,REP,KENT LEONHARDT,16047
Marshall,Commissioner of Agriculture,,REP,KENT LEONHARDT,8941
Mason,Commissioner of Agriculture,,REP,KENT LEONHARDT,7461
McDowell,Commissioner of Agriculture,,REP,KENT LEONHARDT,3263
Mercer,Commissioner of Agriculture,,REP,KENT LEONHARDT,16684
Mineral,Commissioner of Agriculture,,REP,KENT LEONHARDT,9434
Mingo,Commissioner of Agriculture,,REP,KENT LEONHARDT,5780
Monongalia,Commissioner of Agriculture,,REP,KENT LEONHARDT,22424
Monroe,Commissioner of Agriculture,,REP,KENT LEONHARDT,4865
Morgan,Commissioner of Agriculture,,REP,KENT LEONHARDT,6493
Nicholas,Commissioner of Agriculture,,REP,KENT LEONHARDT,7094
Ohio,Commissioner of Agriculture,,REP,KENT LEONHARDT,10950
Pendleton,Commissioner of Agriculture,,REP,KENT LEONHARDT,2414
Pleasants,Commissioner of Agriculture,,REP,KENT LEONHARDT,2420
Pocahontas,Commissioner of Agriculture,,REP,KENT LEONHARDT,2619
Preston,Commissioner of Agriculture,,REP,KENT LEONHARDT,9948
Putnam,Commissioner of Agriculture,,REP,KENT LEONHARDT,18493
Raleigh,Commissioner of Agriculture,,REP,KENT LEONHARDT,21266
Randolph,Commissioner of Agriculture,,REP,KENT LEONHARDT,7056
Ritchie,Commissioner of Agriculture,,REP,KENT LEONHARDT,3173
Roane,Commissioner of Agriculture,,REP,KENT LEONHARDT,3924
Summers,Commissioner of Agriculture,,REP,KENT LEONHARDT,3553
Taylor,Commissioner of Agriculture,,REP,KENT LEONHARDT,5177
Tucker,Commissioner of Agriculture,,REP,KENT LEONHARDT,1896
Tyler,Commissioner of Agriculture,,REP,KENT LEONHARDT,2856
Upshur,Commissioner of Agriculture,,REP,KENT LEONHARDT,7070
Wayne,Commissioner of Agriculture,,REP,KENT LEONHARDT,10121
Webster,Commissioner of Agriculture,,REP,KENT LEONHARDT,2093
Wetzel,Commissioner of Agriculture,,REP,KENT LEONHARDT,4361
Wirt,Commissioner of Agriculture,,REP,KENT LEONHARDT,1900
Wood,Commissioner of Agriculture,,REP,KENT LEONHARDT,24766
Wyoming,Commissioner of Agriculture,,REP,KENT LEONHARDT,5359
Barbour,Commissioner of Agriculture,,DEM,DEBORAH STILES,1564
Berkeley,Commissioner of Agriculture,,DEM,DEBORAH STILES,17350
Boone,Commissioner of Agriculture,,DEM,DEBORAH STILES,2132
Braxton,Commissioner of Agriculture,,DEM,DEBORAH STILES,1439
Brooke,Commissioner of Agriculture,,DEM,DEBORAH STILES,2896
Cabell,Commissioner of Agriculture,,DEM,DEBORAH STILES,12871
Calhoun,Commissioner of Agriculture,,DEM,DEBORAH STILES,656
Clay,Commissioner of Agriculture,,DEM,DEBORAH STILES,765
Doddridge,Commissioner of Agriculture,,DEM,DEBORAH STILES,404
Fayette,Commissioner of Agriculture,,DEM,DEBORAH STILES,4722
Gilmer,Commissioner of Agriculture,,DEM,DEBORAH STILES,573
Grant,Commissioner of Agriculture,,DEM,DEBORAH STILES,751
Greenbrier,Commissioner of Agriculture,,DEM,DEBORAH STILES,4107
Hampshire,Commissioner of Agriculture,,DEM,DEBORAH STILES,2132
Hancock,Commissioner of Agriculture,,DEM,DEBORAH STILES,3575
Hardy,Commissioner of Agriculture,,DEM,DEBORAH STILES,1520
Harrison,Commissioner of Agriculture,,DEM,DEBORAH STILES,8724
Jackson,Commissioner of Agriculture,,DEM,DEBORAH STILES,2816
Jefferson,Commissioner of Agriculture,,DEM,DEBORAH STILES,11517
Kanawha,Commissioner of Agriculture,,DEM,DEBORAH STILES,28563
Lewis,Commissioner of Agriculture,,DEM,DEBORAH STILES,1536
Lincoln,Commissioner of Agriculture,,DEM,DEBORAH STILES,1599
Logan,Commissioner of Agriculture,,DEM,DEBORAH STILES,2259
Marion,Commissioner of Agriculture,,DEM,DEBORAH STILES,7499
Marshall,Commissioner of Agriculture,,DEM,DEBORAH STILES,3562
Mason,Commissioner of Agriculture,,DEM,DEBORAH STILES,2446
McDowell,Commissioner of Agriculture,,DEM,DEBORAH STILES,1220
Mercer,Commissioner of Agriculture,,DEM,DEBORAH STILES,5316
Mineral,Commissioner of Agriculture,,DEM,DEBORAH STILES,2852
Mingo,Commissioner of Agriculture,,DEM,DEBORAH STILES,1425
Monongalia,Commissioner of Agriculture,,DEM,DEBORAH STILES,17056
Monroe,Commissioner of Agriculture,,DEM,DEBORAH STILES,1192
Morgan,Commissioner of Agriculture,,DEM,DEBORAH STILES,1996
Nicholas,Commissioner of Agriculture,,DEM,DEBORAH STILES,2238
Ohio,Commissioner of Agriculture,,DEM,DEBORAH STILES,6568
Pendleton,Commissioner of Agriculture,,DEM,DEBORAH STILES,754
Pleasants,Commissioner of Agriculture,,DEM,DEBORAH STILES,688
Pocahontas,Commissioner of Agriculture,,DEM,DEBORAH STILES,993
Preston,Commissioner of Agriculture,,DEM,DEBORAH STILES,3655
Putnam,Commissioner of Agriculture,,DEM,DEBORAH STILES,7064
Raleigh,Commissioner of Agriculture,,DEM,DEBORAH STILES,7145
Randolph,Commissioner of Agriculture,,DEM,DEBORAH STILES,3880
Ritchie,Commissioner of Agriculture,,DEM,DEBORAH STILES,560
Roane,Commissioner of Agriculture,,DEM,DEBORAH STILES,1273
Summers,Commissioner of Agriculture,,DEM,DEBORAH STILES,1281
Taylor,Commissioner of Agriculture,,DEM,DEBORAH STILES,1804
Tucker,Commissioner of Agriculture,,DEM,DEBORAH STILES,1575
Tyler,Commissioner of Agriculture,,DEM,DEBORAH STILES,587
Upshur,Commissioner of Agriculture,,DEM,DEBORAH STILES,2226
Wayne,Commissioner of Agriculture,,DEM,DEBORAH STILES,3861
Webster,Commissioner of Agriculture,,DEM,DEBORAH STILES,612
Wetzel,Commissioner of Agriculture,,DEM,DEBORAH STILES,1375
Wirt,Commissioner of Agriculture,,DEM,DEBORAH STILES,475
Wood,Commissioner of Agriculture,,DEM,DEBORAH STILES,10150
Wyoming,Commissioner of Agriculture,,DEM,DEBORAH STILES,1332
Barbour,Attorney General,,REP,JOHN “JB” McCUSKEY,4788
Berkeley,Attorney General,,REP,JOHN “JB” McCUSKEY,36072
Boone,Attorney General,,REP,JOHN “JB” McCUSKEY,5799
Braxton,Attorney General,,REP,JOHN “JB” McCUSKEY,3610
Brooke,Attorney General,,REP,JOHN “JB” McCUSKEY,5700
Cabell,Attorney General,,REP,JOHN “JB” McCUSKEY,20444
Calhoun,Attorney General,,REP,JOHN “JB” McCUSKEY,2010
Clay,Attorney General,,REP,JOHN “JB” McCUSKEY,2327
Doddridge,Attorney General,,REP,JOHN “JB” McCUSKEY,2413
Fayette,Attorney General,,REP,JOHN “JB” McCUSKEY,10290
Gilmer,Attorney General,,REP,JOHN “JB” McCUSKEY,1648
Grant,Attorney General,,REP,JOHN “JB” McCUSKEY,4438
Greenbrier,Attorney General,,REP,JOHN “JB” McCUSKEY,10129
Hampshire,Attorney General,,REP,JOHN “JB” McCUSKEY,7931
Hancock,Attorney General,,REP,JOHN “JB” McCUSKEY,8178
Hardy,Attorney General,,REP,JOHN “JB” McCUSKEY,4667
Harrison,Attorney General,,REP,JOHN “JB” McCUSKEY,20609
Jackson,Attorney General,,REP,JOHN “JB” McCUSKEY,9530
Jefferson,Attorney General,,REP,JOHN “JB” McCUSKEY,16228
Kanawha,Attorney General,,REP,JOHN “JB” McCUSKEY,45144
Lewis,Attorney General,,REP,JOHN “JB” McCUSKEY,5346
Lincoln,Attorney General,,REP,JOHN “JB” McCUSKEY,5300
Logan,Attorney General,,REP,JOHN “JB” McCUSKEY,8109
Marion,Attorney General,,REP,JOHN “JB” McCUSKEY,15039
Marshall,Attorney General,,REP,JOHN “JB” McCUSKEY,7760
Mason,Attorney General,,REP,JOHN “JB” McCUSKEY,7617
McDowell,Attorney General,,REP,JOHN “JB” McCUSKEY,3504
Mercer,Attorney General,,REP,JOHN “JB” McCUSKEY,17269
Mineral,Attorney General,,REP,JOHN “JB” McCUSKEY,9921
Mingo,Attorney General,,REP,JOHN “JB” McCUSKEY,6260
Monongalia,Attorney General,,REP,JOHN “JB” McCUSKEY,20797
Monroe,Attorney General,,REP,JOHN “JB” McCUSKEY,4863
Morgan,Attorney General,,REP,JOHN “JB” McCUSKEY,6537
Nicholas,Attorney General,,REP,JOHN “JB” McCUSKEY,7327
Ohio,Attorney General,,REP,JOHN “JB” McCUSKEY,9642
Pendleton,Attorney General,,REP,JOHN “JB” McCUSKEY,2434
Pleasants,Attorney General,,REP,JOHN “JB” McCUSKEY,2395
Pocahontas,Attorney General,,REP,JOHN “JB” McCUSKEY,2627
Preston,Attorney General,,REP,JOHN “JB” McCUSKEY,10329
Putnam,Attorney General,,REP,JOHN “JB” McCUSKEY,19448
Raleigh,Attorney General,,REP,JOHN “JB” McCUSKEY,21988
Randolph,Attorney General,,REP,JOHN “JB” McCUSKEY,7776
Ritchie,Attorney General,,REP,JOHN “JB” McCUSKEY,3126
Roane,Attorney General,,REP,JOHN “JB” McCUSKEY,4023
Summers,Attorney General,,REP,JOHN “JB” McCUSKEY,3599
Taylor,Attorney General,,REP,JOHN “JB” McCUSKEY,5271
Tucker,Attorney General,,REP,JOHN “JB” McCUSKEY,2402
Tyler,Attorney General,,REP,JOHN “JB” McCUSKEY,2593
Upshur,Attorney General,,REP,JOHN “JB” McCUSKEY,7260
Wayne,Attorney General,,REP,JOHN “JB” McCUSKEY,10457
Webster,Attorney General,,REP,JOHN “JB” McCUSKEY,2174
Wetzel,Attorney General,,REP,JOHN “JB” McCUSKEY,3784
Wirt,Attorney General,,REP,JOHN “JB” McCUSKEY,1888
Wood,Attorney General,,REP,JOHN “JB” McCUSKEY,24971
Wyoming,Attorney General,,REP,JOHN “JB” McCUSKEY,5661
Barbour,Attorney General,,DEM,TERESA TORISEVA,1232
Berkeley,Attorney General,,DEM,TERESA TORISEVA,17439
Boone,Attorney General,,DEM,TERESA TORISEVA,1758
Braxton,Attorney General,,DEM,TERESA TORISEVA,1322
Brooke,Attorney General,,DEM,TERESA TORISEVA,3477
Cabell,Attorney General,,DEM,TERESA TORISEVA,12589
Calhoun,Attorney General,,DEM,TERESA TORISEVA,583
Clay,Attorney General,,DEM,TERESA TORISEVA,651
Doddridge,Attorney General,,DEM,TERESA TORISEVA,394
Fayette,Attorney General,,DEM,TERESA TORISEVA,4316
Gilmer,Attorney General,,DEM,TERESA TORISEVA,544
Grant,Attorney General,,DEM,TERESA TORISEVA,562
Greenbrier,Attorney General,,DEM,TERESA TORISEVA,4066
Hampshire,Attorney General,,DEM,TERESA TORISEVA,1922
Hancock,Attorney General,,DEM,TERESA TORISEVA,4136
Hardy,Attorney General,,DEM,TERESA TORISEVA,1373
Harrison,Attorney General,,DEM,TERESA TORISEVA,7606
Jackson,Attorney General,,DEM,TERESA TORISEVA,2710
Jefferson,Attorney General,,DEM,TERESA TORISEVA,11653
Kanawha,Attorney General,,DEM,TERESA TORISEVA,25810
Lewis,Attorney General,,DEM,TERESA TORISEVA,1420
Lincoln,Attorney General,,DEM,TERESA TORISEVA,1328
Logan,Attorney General,,DEM,TERESA TORISEVA,1850
Marion,Attorney General,,DEM,TERESA TORISEVA,8410
Marshall,Attorney General,,DEM,TERESA TORISEVA,5023
Mason,Attorney General,,DEM,TERESA TORISEVA,2343
McDowell,Attorney General,,DEM,TERESA TORISEVA,1063
Mercer,Attorney General,,DEM,TERESA TORISEVA,4887
Mineral,Attorney General,,DEM,TERESA TORISEVA,2476
Mingo,Attorney General,,DEM,TERESA TORISEVA,1158
Monongalia,Attorney General,,DEM,TERESA TORISEVA,18642
Monroe,Attorney General,,DEM,TERESA TORISEVA,1186
Morgan,Attorney General,,DEM,TERESA TORISEVA,1986
Nicholas,Attorney General,,DEM,TERESA TORISEVA,2021
Ohio,Attorney General,,DEM,TERESA TORISEVA,8451
Pendleton,Attorney General,,DEM,TERESA TORISEVA,677
Pleasants,Attorney General,,DEM,TERESA TORISEVA,733
Pocahontas,Attorney General,,DEM,TERESA TORISEVA,960
Preston,Attorney General,,DEM,TERESA TORISEVA,3171
Putnam,Attorney General,,DEM,TERESA TORISEVA,6450
Raleigh,Attorney General,,DEM,TERESA TORISEVA,6705
Randolph,Attorney General,,DEM,TERESA TORISEVA,3090
Ritchie,Attorney General,,DEM,TERESA TORISEVA,578
Roane,Attorney General,,DEM,TERESA TORISEVA,1188
Summers,Attorney General,,DEM,TERESA TORISEVA,1237
Taylor,Attorney General,,DEM,TERESA TORISEVA,1710
Tucker,Attorney General,,DEM,TERESA TORISEVA,972
Tyler,Attorney General,,DEM,TERESA TORISEVA,848
Upshur,Attorney General,,DEM,TERESA TORISEVA,2056
Wayne,Attorney General,,DEM,TERESA TORISEVA,3633
Webster,Attorney General,,DEM,TERESA TORISEVA,549
Wetzel,Attorney General,,DEM,TERESA TORISEVA,1975
Wirt,Attorney General,,DEM,TERESA TORISEVA,481
Wood,Attorney General,,DEM,TERESA TORISEVA,10121
Wyoming,Attorney General,,DEM,TERESA TORISEVA,1133
Brooke,State Senate,1,REP,RYAN W. WELD,8061
Hancock,State Senate,1,REP,RYAN W. WELD,10951
Marshall,State Senate,1,REP,RYAN W. WELD,3558
Ohio,State Senate,1,REP,RYAN W. WELD,15169
Doddridge,State Senate,2,REP,CHRIS ROSE,2545
Marion,State Senate,2,REP,CHRIS ROSE,6527
Marshall,State Senate,2,REP,CHRIS ROSE,7404
Monongalia,State Senate,2,REP,CHRIS ROSE,12521
Tyler,State Senate,2,REP,CHRIS ROSE,3103
Wetzel,State Senate,2,REP,CHRIS ROSE,4922
Pleasants,State Senate,3,REP,DONNA J. BOLEY,2444
Ritchie,State Senate,3,REP,DONNA J. BOLEY,3383
Wirt,State Senate,3,REP,DONNA J. BOLEY,2188
Wood,State Senate,3,REP,DONNA J. BOLEY,29972
Cabell,State Senate,4,REP,AMY NICHOLE GRADY,5374
Jackson,State Senate,4,REP,AMY NICHOLE GRADY,6472
Mason,State Senate,4,REP,AMY NICHOLE GRADY,7820
Putnam,State Senate,4,REP,AMY NICHOLE GRADY,13989
Cabell,State Senate,4,DEM,DWAYNE RUSSELL,1784
Jackson,State Senate,4,DEM,DWAYNE RUSSELL,2023
Mason,State Senate,4,DEM,DWAYNE RUSSELL,2396
Putnam,State Senate,4,DEM,DWAYNE RUSSELL,5140
Cabell,State Senate,5,REP,SCOTT FULLER,13060
Wayne,State Senate,5,REP,SCOTT FULLER,6891
Cabell,State Senate,5,DEM,RIC GRIFFITH,13408
Wayne,State Senate,5,DEM,RIC GRIFFITH,5690
McDowell,State Senate,6,REP,CRAIG A. HART,2907
Mercer,State Senate,6,REP,CRAIG A. HART,12530
Mingo,State Senate,6,REP,CRAIG A. HART,5742
Wayne,State Senate,6,REP,CRAIG A. HART,1835
McDowell,State Senate,6,DEM,JEFF DISIBBIO,1711
Mercer,State Senate,6,DEM,JEFF DISIBBIO,9928
Mingo,State Senate,6,DEM,JEFF DISIBBIO,910
Wayne,State Senate,6,DEM,JEFF DISIBBIO,375
McDowell,State Senate,6,IND,DAVE SARTIN,104
Mercer,State Senate,6,IND,DAVE SARTIN,367
Mingo,State Senate,6,IND,DAVE SARTIN,961
Wayne,State Senate,6,IND,DAVE SARTIN,333
Boone,State Senate,7,REP,RUPIE PHILLIPS,6573
Kanawha,State Senate,7,REP,RUPIE PHILLIPS,7248
Lincoln,State Senate,7,REP,RUPIE PHILLIPS,5821
Logan,State Senate,7,REP,RUPIE PHILLIPS,9207
Clay,State Senate,8,REP,GLENN D. JEFFRIES,2629
Jackson,State Senate,8,REP,GLENN D. JEFFRIES,3395
Kanawha,State Senate,8,REP,GLENN D. JEFFRIES,14298
Putnam,State Senate,8,REP,GLENN D. JEFFRIES,6137
Roane,State Senate,8,REP,GLENN D. JEFFRIES,4521
Fayette,State Senate,9,REP,BRIAN HELTON,3606
Raleigh,State Senate,9,REP,BRIAN HELTON,22112
Wyoming,State Senate,9,REP,BRIAN HELTON,5016
Fayette,State Senate,9,DEM,CHRISTY CARDWELL,1348
Raleigh,State Senate,9,DEM,CHRISTY CARDWELL,6895
Wyoming,State Senate,9,DEM,CHRISTY CARDWELL,1997
Fayette,State Senate,10,REP,JACK DAVID WOODRUM,8076
Greenbrier,State Senate,10,REP,JACK DAVID WOODRUM,11696
Monroe,State Senate,10,REP,JACK DAVID WOODRUM,5421
Nicholas,State Senate,10,REP,JACK DAVID WOODRUM,7992
Summers,State Senate,10,REP,JACK DAVID WOODRUM,4466
Barbour,State Senate,11,REP,ROBBIE MORRIS,4784
Braxton,State Senate,11,REP,ROBBIE MORRIS,3632
Pendleton,State Senate,11,REP,ROBBIE MORRIS,2464
Pocahontas,State Senate,11,REP,ROBBIE MORRIS,2619
Randolph,State Senate,11,REP,ROBBIE MORRIS,8207
Upshur,State Senate,11,REP,ROBBIE MORRIS,7388
Webster,State Senate,11,REP,ROBBIE MORRIS,2185
Barbour,State Senate,11,DEM,MANDY SMITH WEIRICH,1317
Braxton,State Senate,11,DEM,MANDY SMITH WEIRICH,1301
Pendleton,State Senate,11,DEM,MANDY SMITH WEIRICH,679
Pocahontas,State Senate,11,DEM,MANDY SMITH WEIRICH,1004
Randolph,State Senate,11,DEM,MANDY SMITH WEIRICH,3017
Upshur,State Senate,11,DEM,MANDY SMITH WEIRICH,2024
Webster,State Senate,11,DEM,MANDY SMITH WEIRICH,571
Calhoun,State Senate,12,REP,PATRICK S MARTIN,2243
Gilmer,State Senate,12,REP,PATRICK S MARTIN,1905
Harrison,State Senate,12,REP,PATRICK S MARTIN,23763
Lewis,State Senate,12,REP,PATRICK S MARTIN,6003
Taylor,State Senate,12,REP,PATRICK S MARTIN,3253
Marion,State Senate,13,DEM,JOEY GARCIA,8267
Monongalia,State Senate,13,DEM,JOEY GARCIA,13623
Marion,State Senate,13,REP,REBECCA POLIS,7821
Monongalia,State Senate,13,REP,REBECCA POLIS,10500
Grant,State Senate,14,REP,RANDY E. SMITH,4385
Hardy,State Senate,14,REP,RANDY E. SMITH,4250
Mineral,State Senate,14,REP,RANDY E. SMITH,10360
Preston,State Senate,14,REP,RANDY E. SMITH,11935
Taylor,State Senate,14,REP,RANDY E. SMITH,2681
Tucker,State Senate,14,REP,RANDY E. SMITH,2685
Grant,State Senate,14,MTN,BETSY ORNDOFF-SAYERS,475
Hardy,State Senate,14,MTN,BETSY ORNDOFF-SAYERS,1698
Mineral,State Senate,14,MTN,BETSY ORNDOFF-SAYERS,1265
Preston,State Senate,14,MTN,BETSY ORNDOFF-SAYERS,1268
Taylor,State Senate,14,MTN,BETSY ORNDOFF-SAYERS,404
Tucker,State Senate,14,MTN,BETSY ORNDOFF-SAYERS,484
Berkeley,State Senate,15,REP,THOMAS (TOM) WILLIS,22046
Hampshire,State Senate,15,REP,THOMAS (TOM) WILLIS,7285
Morgan,State Senate,15,REP,THOMAS (TOM) WILLIS,6648
Berkeley,State Senate,15,DEM,ANTHONY MURRAY,8706
Hampshire,State Senate,15,DEM,ANTHONY MURRAY,2669
Morgan,State Senate,15,DEM,ANTHONY MURRAY,1943
Berkeley,State Senate,16,REP,PATRICIA RUCKER,14782
Jefferson,State Senate,16,REP,PATRICIA RUCKER,16221
Berkeley,State Senate,16,DEM,JOHN DOYLE,8431
Jefferson,State Senate,16,DEM,JOHN DOYLE,12214
Kanawha,State Senate,17,REP,ERIC NELSON,26931
Kanawha,State Senate,17,DEM,BIL LEPP,14972
Brooke,State House,1,REP,PAT McGEEHAN,502
Hancock,State House,1,REP,PAT McGEEHAN,7187
Brooke,State House,2,REP,MARK ZATEZALO,2193
Hancock,State House,2,REP,MARK ZATEZALO,3013
Brooke,State House,2,DEM,OLIVIA DOWLER,916
Hancock,State House,2,DEM,OLIVIA DOWLER,1506
Brooke,State House,3,REP,JIMMY WILLIS,4121
Ohio,State House,3,REP,JIMMY WILLIS,1007
Brooke,State House,3,DEM,DAVID CANTRELL,1582
Ohio,State House,3,DEM,DAVID CANTRELL,740
Ohio,State House,4,REP,BILL FLANIGAN,5991
Ohio,State House,4,DEM,JONATHAN “JOHNNY” HAUGHT,3093
Ohio,State House,5,DEM,SHAWN FLUHARTY,4135
Ohio,State House,5,REP,THOMAS M. SALKOVICK,3084
Marshall,State House,6,REP,JEFF STEPHENS,4560
Marshall,State House,6,DEM,CODY CUMPSTON,3566
Marshall,State House,7,REP,CHARLES R. SHEEDY SR.,3672
Wetzel,State House,7,REP,CHARLES R. SHEEDY SR.,1434
Marshall,State House,7,DEM,DEVON TENNANT,1096
Wetzel,State House,7,DEM,DEVON TENNANT,1333
Doddridge,State House,8,REP,DAVID L. KELLY,2590
Tyler,State House,8,REP,DAVID L. KELLY,2123
Wetzel,State House,8,REP,DAVID L. KELLY,1824
Pleasants,State House,9,REP,TRENTON CARL BARNHART,2966
Ritchie,State House,9,REP,TRENTON CARL BARNHART,3489
Tyler,State House,9,REP,TRENTON CARL BARNHART,1020
Wood,State House,10,REP,BILL ANDERSON,7020
Wood,State House,11,REP,BOB FEHRENBACHER,6272
Wood,State House,12,REP,VERNON CRISS,4847
Wood,State House,13,REP,SCOT HECKERT,5883
Wirt,State House,14,REP,DAVE FOGGIN,433
Wood,State House,14,REP,DAVE FOGGIN,5713
Wirt,State House,14,DEM,JIM MARION,205
Wood,State House,14,DEM,JIM MARION,1681
Roane,State House,15,REP,ERICA J. MOORE,4333
Wirt,State House,15,REP,ERICA J. MOORE,1536
Roane,State House,15,DEM,JULIANNA PENFOLD,1036
Wirt,State House,15,DEM,JULIANNA PENFOLD,249
Jackson,State House,16,REP,FREDERICK HAPPY JOE PARSONS,7482
Jackson,State House,17,REP,JONATHAN ADAM PINSON,3365
Mason,State House,17,REP,JONATHAN ADAM PINSON,3274
Mason,State House,18,REP,JIM BUTLER,4696
Putnam,State House,18,REP,JIM BUTLER,327
Mason,State House,18,DEM,ANDREA MEADOWS,1825
Putnam,State House,18,DEM,ANDREA MEADOWS,157
Putnam,State House,19,REP,KATHIE HESS CROUSE,6560
Putnam,State House,20,REP,SARAH DRENNAN,6617
Putnam,State House,20,DEM,STEVE PATRICK,2621
Putnam,State House,21,REP,JARRED CANNON,5865
Putnam,State House,21,DEM,MICHAEL MOSTELLER II,2636
Cabell,State House,22,REP,DANIEL LINVILLE,6091
Cabell,State House,23,REP,EVAN WORRELL,5170
Cabell,State House,23,DEM,AMANDA BETH BEACH-BURGE,1673
Cabell,State House,24,REP,PATRICK LUCAS,3134
Cabell,State House,24,DEM,BILLY WRAY,2352
Cabell,State House,25,DEM,SEAN HORNBUCKLE,3699
Cabell,State House,25,REP,CONNIE BEATY,1276
Cabell,State House,26,REP,MATTHEW ROHRBACH,6046
Cabell,State House,27,REP,MICHAEL D. AMOS,1201
Wayne,State House,27,REP,MICHAEL D. AMOS,2691
Cabell,State House,27,DEM,GINA MILUM,729
Wayne,State House,27,DEM,GINA MILUM,1181
Cabell,State House,27,LBN,CRAIG CARPENTER II,170
Wayne,State House,27,LBN,CRAIG CARPENTER II,118
Wayne,State House,28,REP,RYAN BROWNING,6126
Mingo,State House,29,REP,HENRY CORBY DILLON,1166
Wayne,State House,29,REP,HENRY CORBY DILLON,2231
Mingo,State House,29,DEM,WAYNE BUG WILLIAMSON,807
Wayne,State House,29,DEM,WAYNE BUG WILLIAMSON,1385
Lincoln,State House,30,REP,JEFF ELDRIDGE,4533
Lincoln,State House,30,DEM,BRITNEY BROGAN,1744
Boone,State House,31,REP,MARGITTA MAZZOCCHI,997
Lincoln,State House,31,REP,MARGITTA MAZZOCCHI,461
Logan,State House,31,REP,MARGITTA MAZZOCCHI,3807
Boone,State House,32,REP,JOSH HOLSTEIN,4909
Boone,State House,32,DEM,APRIL D. ESTEP,1794
Logan,State House,33,REP,JORDAN BRIDGES,5280
McDowell,State House,34,REP,MARK DEAN,54
Mingo,State House,34,REP,MARK DEAN,5329
Wyoming,State House,35,REP,ADAM VANCE,5579
McDowell,State House,36,REP,S. DAVID GREEN,3668
McDowell,State House,36,DEM,TIFFANY CLEMINS,1283
Mercer,State House,37,REP,MARTY GEARHEART,4851
Mercer,State House,37,DEM,POLLA McCLELLAN RUMBERG,1718
Mercer,State House,38,REP,JOE C. ELLINGTON JR.,5410
Mercer,State House,38,DEM,RANDA D. FAULKNER,1781
Mercer,State House,39,REP,DOUG SMITH,5958
Mercer,State House,39,DEM,NEAL VESTAL,1378
Monroe,State House,40,REP,ROY G. COOPER,4509
Summers,State House,40,REP,ROY G. COOPER,1669
Monroe,State House,40,DEM,JAMES W. “JIM” McNEELY,1580
Summers,State House,40,DEM,JAMES W. “JIM” McNEELY,730
Mercer,State House,41,REP,JORDAN ALLEN MAYNOR,1122
Raleigh,State House,41,REP,JORDAN ALLEN MAYNOR,4045
Summers,State House,41,REP,JORDAN ALLEN MAYNOR,1793
Mercer,State House,41,DEM,ANNA WHITE FERRARACCIO,414
Raleigh,State House,41,DEM,ANNA WHITE FERRARACCIO,703
Summers,State House,41,DEM,ANNA WHITE FERRARACCIO,732
Raleigh,State House,42,REP,BRANDON STEELE,5929
Raleigh,State House,42,DEM,ADDAM GIBSON,1771
Raleigh,State House,43,REP,CHRISTOPHER TONEY,5349
Wyoming,State House,43,REP,CHRISTOPHER TONEY,1016
Raleigh,State House,44,REP,CARL BILL ROOP,3883
Raleigh,State House,44,DEM,TONY O. MARTIN,2916
Fayette,State House,45,REP,ERIC BROOKS,1287
Raleigh,State House,45,REP,ERIC BROOKS,3704
Greenbrier,State House,46,REP,JEFF CAMPBELL,4537
Pocahontas,State House,46,REP,JEFF CAMPBELL,1177
Greenbrier,State House,46,DEM,PAUL S. DETCH,1807
Pocahontas,State House,46,DEM,PAUL S. DETCH,512
Greenbrier,State House,47,REP,RAY CANTERBURY,5491
Monroe,State House,47,REP,RAY CANTERBURY,25
Greenbrier,State House,47,DEM,KAYLA M. McCOY,2188
Monroe,State House,47,DEM,KAYLA M. McCOY,19
Greenbrier,State House,48,REP,THOMAS CLARK,346
Nicholas,State House,48,REP,THOMAS CLARK,1716
Webster,State House,48,REP,THOMAS CLARK,2484
Greenbrier,State House,48,DEM,DEVIN C. SPINKS,119
Nicholas,State House,48,DEM,DEVIN C. SPINKS,936
Webster,State House,48,DEM,DEVIN C. SPINKS,425
Nicholas,State House,49,REP,STANLEY S. ADKINS,5290
Nicholas,State House,49,DEM,JEAN NUTTER,1636
Fayette,State House,50,REP,DAVID “ELLIOTT” PRITT,3928
Fayette,State House,50,DEM,JERRY L. ALLEN,1587
Fayette,State House,50,,SCOTTY BOWMAN,399
Fayette,State House,51,REP,MARSHALL W. CLAY,4882
Fayette,State House,51,DEM,MELISSA J. COLAGROSSO,2396
Fayette,State House,52,REP,TRESA HOWELL,114
Kanawha,State House,52,REP,TRESA HOWELL,3974
Fayette,State House,52,DEM,THOMAS JONES,107
Kanawha,State House,52,DEM,THOMAS JONES,2587
Kanawha,State House,53,REP,TRISTAN LEAVITT,3893
Kanawha,State House,53,DEM,CHRIS SMITH,2607
Kanawha,State House,54,DEM,MIKE PUSHKIN,4611
Kanawha,State House,54,REP,JULIEN AKLEI,1546
Kanawha,State House,55,REP,JB AKERS,4926
Kanawha,State House,55,DEM,LINDA BODIE,3319
Kanawha,State House,56,DEM,KAYLA YOUNG,4198
Kanawha,State House,56,REP,ANDREW G. ANDERSON,3887
Kanawha,State House,57,DEM,HOLLIS T. LEWIS,4006
Kanawha,State House,57,REP,MARK CARTER,3287
Kanawha,State House,58,REP,WALTER HALL,5842
Kanawha,State House,59,REP,ANDY SHAMBLIN,5636
Kanawha,State House,60,REP,DANA FERRELL,6346
Kanawha,State House,61,REP,DEAN JEFFRIES,6328
Calhoun,State House,62,REP,ROGER HANSHAW,2431
Clay,State House,62,REP,ROGER HANSHAW,2781
Gilmer,State House,62,REP,ROGER HANSHAW,1012
Braxton,State House,63,REP,LORI COWGER DITTMAN,4583
Gilmer,State House,63,REP,LORI COWGER DITTMAN,918
Lewis,State House,64,REP,ADAM BURKHAMMER,5523
Upshur,State House,64,REP,ADAM BURKHAMMER,951
Upshur,State House,65,REP,CARL “ROBBIE” MARTIN,5321
Upshur,State House,65,DEM,MATTHEW KERNER,1574
Pocahontas,State House,66,REP,JONATHAN B. KYLE,1379
Randolph,State House,66,REP,JONATHAN B. KYLE,3447
Pocahontas,State House,66,DEM,DAMA M. NESTOR,572
Randolph,State House,66,DEM,DAMA M. NESTOR,1471
Pendleton,State House,67,REP,ELIAS COOP-GONZALEZ,1241
Randolph,State House,67,REP,ELIAS COOP-GONZALEZ,3117
Pendleton,State House,67,DEM,CODY H. THOMPSON,512
Randolph,State House,67,DEM,CODY H. THOMPSON,3120
Barbour,State House,68,REP,CHRIS PHILLIPS,5472
Upshur,State House,68,REP,CHRIS PHILLIPS,1354
Harrison,State House,69,REP,KEITH MARPLE,6896
Lewis,State House,69,REP,KEITH MARPLE,608
Harrison,State House,70,REP,MICKEY PETITTO,3505
Harrison,State House,70,DEM,SHANNON R WELSH,2736
Harrison,State House,71,REP,LAURA KIMBLE,7201
Harrison,State House,72,REP,CLAY RILEY,5396
Wetzel,State House,72,REP,CLAY RILEY,749
Marion,State House,73,REP,BRYAN SMITH,469
Taylor,State House,73,REP,BRYAN SMITH,6241
Marion,State House,74,REP,MICHAEL E. DEVAULT,6023
Marion,State House,74,DEM,FRANKIE DELAPAS,2337
Marion,State House,75,REP,PHIL MALLOW,4467
Marion,State House,75,DEM,STEPHANIE SPEARS TOMANA,3558
Marion,State House,76,DEM,RICK GARCIA,3568
Marion,State House,76,REP,JON DODDS,3432
Monongalia,State House,77,REP,JOE STATLER,6856
Wetzel,State House,77,REP,JOE STATLER,128
Monongalia,State House,78,REP,GENO CHIARELLI,4641
Monongalia,State House,78,DEM,DIANE MARKET GASTON,3694
Monongalia,State House,79,DEM,EVAN HANSEN,4496
Monongalia,State House,80,DEM,JOHN WILLIAMS,3283
Monongalia,State House,80,REP,SUMMER D. HARTLEY,2304
Monongalia,State House,81,DEM,ANITRA L. HAMILTON,3456
Monongalia,State House,82,REP,DAVID McCORMICK,4657
Monongalia,State House,82,DEM,BILL REGER-NASH,3976
Preston,State House,83,REP,GEORGE STREET,5910
Preston,State House,84,REP,D. R. BUCK JENNINGS,6455
Grant,State House,85,REP,JOHN PAUL HOTT II,4626
Tucker,State House,85,REP,JOHN PAUL HOTT II,2777
Hardy,State House,86,REP,BRYAN C. WARD,5421
Pendleton,State House,86,REP,BRYAN C. WARD,1202
Mineral,State House,87,REP,GARY G. HOWELL,6744
Hampshire,State House,88,REP,RICK HILLENBRAND,2308
Mineral,State House,88,REP,RICK HILLENBRAND,3868
Hampshire,State House,88,DEM,AMANDA VINCENT,858
Mineral,State House,88,DEM,AMANDA VINCENT,838
Hampshire,State House,89,REP,DARREN J THORNE,5508
Morgan,State House,89,REP,DARREN J THORNE,1157
Hampshire,State House,89,DEM,ALYSON REEVES,1336
Morgan,State House,89,DEM,ALYSON REEVES,390
Berkeley,State House,90,REP,GEORGE MILLER,2313
Morgan,State House,90,REP,GEORGE MILLER,6399
Berkeley,State House,91,REP,JOSEPH DE SOTO,5974
Berkeley,State House,91,CST,RICK THOMSON,1860
Berkeley,State House,92,REP,MICHAEL HITE,7176
Berkeley,State House,93,REP,MIKE HORNBY,5159
Berkeley,State House,94,REP,LARRY D KUMP,6413
Berkeley,State House,95,REP,CHARLES “CHUCK” K. HORST,4877
Berkeley,State House,95,DEM,DEBI CARROLL,2361
Berkeley,State House,96,REP,LISA WHITE,5383
Berkeley,State House,96,DEM,ANIQUA “NIKKI” LOWER,2193
Berkeley,State House,97,REP,S. CHRIS ANDERS,3213
Jefferson,State House,97,REP,S. CHRIS ANDERS,1381
Berkeley,State House,97,DEM,LUCIA VALENTINE,2247
Jefferson,State House,97,DEM,LUCIA VALENTINE,1641
Jefferson,State House,98,REP,JOE FUNKHOUSER,5136
Jefferson,State House,98,DEM,TROY N. MILLER,2647
Jefferson,State House,99,REP,WAYNE CLARK,5199
Jefferson,State House,99,DEM,OSMUND ANTONIO ANDERSON,3770
Jefferson,State House,100,REP,WILLIAM RIDENOUR,4610
Jefferson,State House,100,DEM,MARIA RUSSO,4027
Barbour,Amendment No.1: Protection of Persons Against Medically Assisted Suicide,,,FOR,3330
Berkeley,Amendment No.1: Protection of Persons Against Medically Assisted Suicide,,,FOR,25933
Boone,Amendment No.1: Protection of Persons Against Medically Assisted Suicide,,,FOR,3747
Braxton,Amendment No.1: Protection of Persons Against Medically Assisted Suicide,,,FOR,2151
Brooke,Amendment No.1: Protection of Persons Against Medically Assisted Suicide,,,FOR,4442
Cabell,Amendment No.1: Protection of Persons Against Medically Assisted Suicide,,,FOR,15065
Calhoun,Amendment No.1: Protection of Persons Against Medically Assisted Suicide,,,FOR,1376
Clay,Amendment No.1: Protection of Persons Against Medically Assisted Suicide,,,FOR,1396
Doddridge,Amendment No.1: Protection of Persons Against Medically Assisted Suicide,,,FOR,1609
Fayette,Amendment No.1: Protection of Persons Against Medically Assisted Suicide,,,FOR,6939
Gilmer,Amendment No.1: Protection of Persons Against Medically Assisted Suicide,,,FOR,1005
Grant,Amendment No.1: Protection of Persons Against Medically Assisted Suicide,,,FOR,3027
Greenbrier,Amendment No.1: Protection of Persons Against Medically Assisted Suicide,,,FOR,6099
Hampshire,Amendment No.1: Protection of Persons Against Medically Assisted Suicide,,,FOR,4991
Hancock,Amendment No.1: Protection of Persons Against Medically Assisted Suicide,,,FOR,6722
Hardy,Amendment No.1: Protection of Persons Against Medically Assisted Suicide,,,FOR,2843
Harrison,Amendment No.1: Protection of Persons Against Medically Assisted Suicide,,,FOR,14564
Jackson,Amendment No.1: Protection of Persons Against Medically Assisted Suicide,,,FOR,5738
Jefferson,Amendment No.1: Protection of Persons Against Medically Assisted Suicide,,,FOR,12234
Kanawha,Amendment No.1: Protection of Persons Against Medically Assisted Suicide,,,FOR,28672
Lewis,Amendment No.1: Protection of Persons Against Medically Assisted Suicide,,,FOR,3146
Lincoln,Amendment No.1: Protection of Persons Against Medically Assisted Suicide,,,FOR,3390
Logan,Amendment No.1: Protection of Persons Against Medically Assisted Suicide,,,FOR,5127
Marion,Amendment No.1: Protection of Persons Against Medically Assisted Suicide,,,FOR,11362
Marshall,Amendment No.1: Protection of Persons Against Medically Assisted Suicide,,,FOR,6533
Mason,Amendment No.1: Protection of Persons Against Medically Assisted Suicide,,,FOR,5028
McDowell,Amendment No.1: Protection of Persons Against Medically Assisted Suicide,,,FOR,2343
Mercer,Amendment No.1: Protection of Persons Against Medically Assisted Suicide,,,FOR,11823
Mineral,Amendment No.1: Protection of Persons Against Medically Assisted Suicide,,,FOR,6761
Mingo,Amendment No.1: Protection of Persons Against Medically Assisted Suicide,,,FOR,3676
Monongalia,Amendment No.1: Protection of Persons Against Medically Assisted Suicide,,,FOR,14089
Monroe,Amendment No.1: Protection of Persons Against Medically Assisted Suicide,,,FOR,3266
Morgan,Amendment No.1: Protection of Persons Against Medically Assisted Suicide,,,FOR,4030
Nicholas,Amendment No.1: Protection of Persons Against Medically Assisted Suicide,,,FOR,4307
Ohio,Amendment No.1: Protection of Persons Against Medically Assisted Suicide,,,FOR,8077
Pendleton,Amendment No.1: Protection of Persons Against Medically Assisted Suicide,,,FOR,1653
Pleasants,Amendment No.1: Protection of Persons Against Medically Assisted Suicide,,,FOR,1583
Pocahontas,Amendment No.1: Protection of Persons Against Medically Assisted Suicide,,,FOR,1604
Preston,Amendment No.1: Protection of Persons Against Medically Assisted Suicide,,,FOR,6634
Putnam,Amendment No.1: Protection of Persons Against Medically Assisted Suicide,,,FOR,12539
Raleigh,Amendment No.1: Protection of Persons Against Medically Assisted Suicide,,,FOR,15026
Randolph,Amendment No.1: Protection of Persons Against Medically Assisted Suicide,,,FOR,5207
Ritchie,Amendment No.1: Protection of Persons Against Medically Assisted Suicide,,,FOR,2088
Roane,Amendment No.1: Protection of Persons Against Medically Assisted Suicide,,,FOR,2484
Summers,Amendment No.1: Protection of Persons Against Medically Assisted Suicide,,,FOR,2425
Taylor,Amendment No.1: Protection of Persons Against Medically Assisted Suicide,,,FOR,3578
Tucker,Amendment No.1: Protection of Persons Against Medically Assisted Suicide,,,FOR,1529
Tyler,Amendment No.1: Protection of Persons Against Medically Assisted Suicide,,,FOR,1837
Upshur,Amendment No.1: Protection of Persons Against Medically Assisted Suicide,,,FOR,4453
Wayne,Amendment No.1: Protection of Persons Against Medically Assisted Suicide,,,FOR,7234
Webster,Amendment No.1: Protection of Persons Against Medically Assisted Suicide,,,FOR,1211
Wetzel,Amendment No.1: Protection of Persons Against Medically Assisted Suicide,,,FOR,2827
Wirt,Amendment No.1: Protection of Persons Against Medically Assisted Suicide,,,FOR,1365
Wood,Amendment No.1: Protection of Persons Against Medically Assisted Suicide,,,FOR,16788
Wyoming,Amendment No.1: Protection of Persons Against Medically Assisted Suicide,,,FOR,3497
Barbour,Amendment No.1: Protection of Persons Against Medically Assisted Suicide,,,AGAINST,2696
Berkeley,Amendment No.1: Protection of Persons Against Medically Assisted Suicide,,,AGAINST,24703
Boone,Amendment No.1: Protection of Persons Against Medically Assisted Suicide,,,AGAINST,3318
Braxton,Amendment No.1: Protection of Persons Against Medically Assisted Suicide,,,AGAINST,2245
Brooke,Amendment No.1: Protection of Persons Against Medically Assisted Suicide,,,AGAINST,3887
Cabell,Amendment No.1: Protection of Persons Against Medically Assisted Suicide,,,AGAINST,16446
Calhoun,Amendment No.1: Protection of Persons Against Medically Assisted Suicide,,,AGAINST,1251
Clay,Amendment No.1: Protection of Persons Against Medically Assisted Suicide,,,AGAINST,1337
Doddridge,Amendment No.1: Protection of Persons Against Medically Assisted Suicide,,,AGAINST,1079
Fayette,Amendment No.1: Protection of Persons Against Medically Assisted Suicide,,,AGAINST,6381
Gilmer,Amendment No.1: Protection of Persons Against Medically Assisted Suicide,,,AGAINST,955
Grant,Amendment No.1: Protection of Persons Against Medically Assisted Suicide,,,AGAINST,1851
Greenbrier,Amendment No.1: Protection of Persons Against Medically Assisted Suicide,,,AGAINST,6397
Hampshire,Amendment No.1: Protection of Persons Against Medically Assisted Suicide,,,AGAINST,4224
Hancock,Amendment No.1: Protection of Persons Against Medically Assisted Suicide,,,AGAINST,5320
Hardy,Amendment No.1: Protection of Persons Against Medically Assisted Suicide,,,AGAINST,3001
Harrison,Amendment No.1: Protection of Persons Against Medically Assisted Suicide,,,AGAINST,12636
Jackson,Amendment No.1: Protection of Persons Against Medically Assisted Suicide,,,AGAINST,5913
Jefferson,Amendment No.1: Protection of Persons Against Medically Assisted Suicide,,,AGAINST,14523
Kanawha,Amendment No.1: Protection of Persons Against Medically Assisted Suicide,,,AGAINST,37006
Lewis,Amendment No.1: Protection of Persons Against Medically Assisted Suicide,,,AGAINST,3085
Lincoln,Amendment No.1: Protection of Persons Against Medically Assisted Suicide,,,AGAINST,2746
Logan,Amendment No.1: Protection of Persons Against Medically Assisted Suicide,,,AGAINST,3941
Marion,Amendment No.1: Protection of Persons Against Medically Assisted Suicide,,,AGAINST,12324
Marshall,Amendment No.1: Protection of Persons Against Medically Assisted Suicide,,,AGAINST,6121
Mason,Amendment No.1: Protection of Persons Against Medically Assisted Suicide,,,AGAINST,4362
McDowell,Amendment No.1: Protection of Persons Against Medically Assisted Suicide,,,AGAINST,1444
Mercer,Amendment No.1: Protection of Persons Against Medically Assisted Suicide,,,AGAINST,9076
Mineral,Amendment No.1: Protection of Persons Against Medically Assisted Suicide,,,AGAINST,5035
Mingo,Amendment No.1: Protection of Persons Against Medically Assisted Suicide,,,AGAINST,2722
Monongalia,Amendment No.1: Protection of Persons Against Medically Assisted Suicide,,,AGAINST,23252
Monroe,Amendment No.1: Protection of Persons Against Medically Assisted Suicide,,,AGAINST,2384
Morgan,Amendment No.1: Protection of Persons Against Medically Assisted Suicide,,,AGAINST,3848
Nicholas,Amendment No.1: Protection of Persons Against Medically Assisted Suicide,,,AGAINST,4138
Ohio,Amendment No.1: Protection of Persons Against Medically Assisted Suicide,,,AGAINST,8845
Pendleton,Amendment No.1: Protection of Persons Against Medically Assisted Suicide,,,AGAINST,1189
Pleasants,Amendment No.1: Protection of Persons Against Medically Assisted Suicide,,,AGAINST,1328
Pocahontas,Amendment No.1: Protection of Persons Against Medically Assisted Suicide,,,AGAINST,1590
Preston,Amendment No.1: Protection of Persons Against Medically Assisted Suicide,,,AGAINST,6508
Putnam,Amendment No.1: Protection of Persons Against Medically Assisted Suicide,,,AGAINST,12200
Raleigh,Amendment No.1: Protection of Persons Against Medically Assisted Suicide,,,AGAINST,11795
Randolph,Amendment No.1: Protection of Persons Against Medically Assisted Suicide,,,AGAINST,5623
Ritchie,Amendment No.1: Protection of Persons Against Medically Assisted Suicide,,,AGAINST,1497
Roane,Amendment No.1: Protection of Persons Against Medically Assisted Suicide,,,AGAINST,2561
Summers,Amendment No.1: Protection of Persons Against Medically Assisted Suicide,,,AGAINST,2208
Taylor,Amendment No.1: Protection of Persons Against Medically Assisted Suicide,,,AGAINST,3125
Tucker,Amendment No.1: Protection of Persons Against Medically Assisted Suicide,,,AGAINST,1673
Tyler,Amendment No.1: Protection of Persons Against Medically Assisted Suicide,,,AGAINST,1388
Upshur,Amendment No.1: Protection of Persons Against Medically Assisted Suicide,,,AGAINST,4148
Wayne,Amendment No.1: Protection of Persons Against Medically Assisted Suicide,,,AGAINST,6232
Webster,Amendment No.1: Protection of Persons Against Medically Assisted Suicide,,,AGAINST,1087
Wetzel,Amendment No.1: Protection of Persons Against Medically Assisted Suicide,,,AGAINST,2380
Wirt,Amendment No.1: Protection of Persons Against Medically Assisted Suicide,,,AGAINST,929
Wood,Amendment No.1: Protection of Persons Against Medically Assisted Suicide,,,AGAINST,16179
Wyoming,Amendment No.1: Protection of Persons Against Medically Assisted Suicide,,,AGAINST,2389
Raleigh,Supreme Court of Appeals,14,,MICHAEL E. FROBLE,13397
Raleigh,Supreme Court of Appeals,14,,RUSSELL O. “RUSTY” WOOTON,13096
