county,precinct,office,district,party,candidate,votes
Monroe,PRECINCT 1,BALLOTS CAST,,REP,BALLOTS CAST - REPUBLICAN,3
Monroe,PRECINCT 2,BALLOTS CAST,,REP,BALLOTS CAST - REPUBLICAN,195
Monroe,PRECINCT 11,BALLOTS CAST,,REP,BALLOTS CAST - REPUBLICAN,109
Monroe,PRECINCT 14,BALLOTS CAST,,REP,BALLOTS CAST - REPUBLICAN,377
Monroe,PRECINCT 15,BALLOTS CAST,,REP,BALLOTS CAST - REPUBLICAN,218
Monroe,PRECINCT 17,BALLOTS CAST,,REP,BALLOTS CAST - REPUBLICAN,352
Monroe,PRECINCT 18,BALLOTS CAST,,REP,BALLOTS CAST - REPUBLICAN,44
Monroe,PRECINCT 19,BALLOTS CAST,,REP,BALLOTS CAST - REPUBLICAN,41
Monroe,PRECINCT 21,BALLOTS CAST,,REP,BALLOTS CAST - REPUBLICAN,430
Monroe,PRECINCT 22,BALLOTS CAST,,REP,BALLOTS CAST - REPUBLICAN,213
Monroe,PRECINCT 24,BALLOTS CAST,,REP,BALLOTS CAST - REPUBLICAN,320
Monroe,PRECINCT 1,BALLOTS CAST,,DEM,BALLOTS CAST - DEMOCRATIC,5
Monroe,PRECINCT 2,BALLOTS CAST,,DEM,BALLOTS CAST - DEMOCRATIC,90
Monroe,PRECINCT 11,BALLOTS CAST,,DEM,BALLOTS CAST - DEMOCRATIC,43
Monroe,PRECINCT 14,BALLOTS CAST,,DEM,BALLOTS CAST - DEMOCRATIC,167
Monroe,PRECINCT 15,BALLOTS CAST,,DEM,BALLOTS CAST - DEMOCRATIC,73
Monroe,PRECINCT 17,BALLOTS CAST,,DEM,BALLOTS CAST - DEMOCRATIC,105
Monroe,PRECINCT 18,BALLOTS CAST,,DEM,BALLOTS CAST - DEMOCRATIC,6
Monroe,PRECINCT 19,BALLOTS CAST,,DEM,BALLOTS CAST - DEMOCRATIC,6
Monroe,PRECINCT 21,BALLOTS CAST,,DEM,BALLOTS CAST - DEMOCRATIC,86
Monroe,PRECINCT 22,BALLOTS CAST,,DEM,BALLOTS CAST - DEMOCRATIC,117
Monroe,PRECINCT 24,BALLOTS CAST,,DEM,BALLOTS CAST - DEMOCRATIC,97
Monroe,PRECINCT 1,BALLOTS CAST,,MTN,BALLOTS CAST - MOUNTAIN,0
Monroe,PRECINCT 2,BALLOTS CAST,,MTN,BALLOTS CAST - MOUNTAIN,0
Monroe,PRECINCT 11,BALLOTS CAST,,MTN,BALLOTS CAST - MOUNTAIN,0
Monroe,PRECINCT 14,BALLOTS CAST,,MTN,BALLOTS CAST - MOUNTAIN,0
Monroe,PRECINCT 15,BALLOTS CAST,,MTN,BALLOTS CAST - MOUNTAIN,0
Monroe,PRECINCT 17,BALLOTS CAST,,MTN,BALLOTS CAST - MOUNTAIN,0
Monroe,PRECINCT 18,BALLOTS CAST,,MTN,BALLOTS CAST - MOUNTAIN,0
Monroe,PRECINCT 19,BALLOTS CAST,,MTN,BALLOTS CAST - MOUNTAIN,0
Monroe,PRECINCT 21,BALLOTS CAST,,MTN,BALLOTS CAST - MOUNTAIN,0
Monroe,PRECINCT 22,BALLOTS CAST,,MTN,BALLOTS CAST - MOUNTAIN,0
Monroe,PRECINCT 24,BALLOTS CAST,,MTN,BALLOTS CAST - MOUNTAIN,1
Monroe,PRECINCT 1,BALLOTS CAST,,,BALLOTS CAST - NONPARTISAN,0
Monroe,PRECINCT 2,BALLOTS CAST,,,BALLOTS CAST - NONPARTISAN,2
Monroe,PRECINCT 11,BALLOTS CAST,,,BALLOTS CAST - NONPARTISAN,15
Monroe,PRECINCT 14,BALLOTS CAST,,,BALLOTS CAST - NONPARTISAN,5
Monroe,PRECINCT 15,BALLOTS CAST,,,BALLOTS CAST - NONPARTISAN,8
Monroe,PRECINCT 17,BALLOTS CAST,,,BALLOTS CAST - NONPARTISAN,5
Monroe,PRECINCT 18,BALLOTS CAST,,,BALLOTS CAST - NONPARTISAN,1
Monroe,PRECINCT 19,BALLOTS CAST,,,BALLOTS CAST - NONPARTISAN,2
Monroe,PRECINCT 21,BALLOTS CAST,,,BALLOTS CAST - NONPARTISAN,21
Monroe,PRECINCT 22,BALLOTS CAST,,,BALLOTS CAST - NONPARTISAN,8
Monroe,PRECINCT 24,BALLOTS CAST,,,BALLOTS CAST - NONPARTISAN,11
Monroe,PRECINCT 1,President,,REP,DAVID STUCKENBERG,0
Monroe,PRECINCT 2,President,,REP,DAVID STUCKENBERG,0
Monroe,PRECINCT 11,President,,REP,DAVID STUCKENBERG,0
Monroe,PRECINCT 14,President,,REP,DAVID STUCKENBERG,2
Monroe,PRECINCT 15,President,,REP,DAVID STUCKENBERG,3
Monroe,PRECINCT 17,President,,REP,DAVID STUCKENBERG,1
Monroe,PRECINCT 18,President,,REP,DAVID STUCKENBERG,1
Monroe,PRECINCT 19,President,,REP,DAVID STUCKENBERG,0
Monroe,PRECINCT 21,President,,REP,DAVID STUCKENBERG,3
Monroe,PRECINCT 22,President,,REP,DAVID STUCKENBERG,0
Monroe,PRECINCT 24,President,,REP,DAVID STUCKENBERG,0
Monroe,PRECINCT 1,President,,REP,RACHEL HANNA MoHAWK SWIFT,0
Monroe,PRECINCT 2,President,,REP,RACHEL HANNA MoHAWK SWIFT,1
Monroe,PRECINCT 11,President,,REP,RACHEL HANNA MoHAWK SWIFT,1
Monroe,PRECINCT 14,President,,REP,RACHEL HANNA MoHAWK SWIFT,1
Monroe,PRECINCT 15,President,,REP,RACHEL HANNA MoHAWK SWIFT,2
Monroe,PRECINCT 17,President,,REP,RACHEL HANNA MoHAWK SWIFT,3
Monroe,PRECINCT 18,President,,REP,RACHEL HANNA MoHAWK SWIFT,0
Monroe,PRECINCT 19,President,,REP,RACHEL HANNA MoHAWK SWIFT,1
Monroe,PRECINCT 21,President,,REP,RACHEL HANNA MoHAWK SWIFT,2
Monroe,PRECINCT 22,President,,REP,RACHEL HANNA MoHAWK SWIFT,2
Monroe,PRECINCT 24,President,,REP,RACHEL HANNA MoHAWK SWIFT,1
Monroe,PRECINCT 1,President,,REP,DONALD J.  TRUMP,3
Monroe,PRECINCT 2,President,,REP,DONALD J.  TRUMP,170
Monroe,PRECINCT 11,President,,REP,DONALD J.  TRUMP,98
Monroe,PRECINCT 14,President,,REP,DONALD J.  TRUMP,334
Monroe,PRECINCT 15,President,,REP,DONALD J.  TRUMP,199
Monroe,PRECINCT 17,President,,REP,DONALD J.  TRUMP,319
Monroe,PRECINCT 18,President,,REP,DONALD J.  TRUMP,36
Monroe,PRECINCT 19,President,,REP,DONALD J.  TRUMP,36
Monroe,PRECINCT 21,President,,REP,DONALD J.  TRUMP,391
Monroe,PRECINCT 22,President,,REP,DONALD J.  TRUMP,183
Monroe,PRECINCT 24,President,,REP,DONALD J.  TRUMP,292
Monroe,PRECINCT 1,President,,REP,NIKKI R.  HALEY,0
Monroe,PRECINCT 2,President,,REP,NIKKI R.  HALEY,12
Monroe,PRECINCT 11,President,,REP,NIKKI R.  HALEY,7
Monroe,PRECINCT 14,President,,REP,NIKKI R.  HALEY,28
Monroe,PRECINCT 15,President,,REP,NIKKI R.  HALEY,11
Monroe,PRECINCT 17,President,,REP,NIKKI R.  HALEY,16
Monroe,PRECINCT 18,President,,REP,NIKKI R.  HALEY,5
Monroe,PRECINCT 19,President,,REP,NIKKI R.  HALEY,2
Monroe,PRECINCT 21,President,,REP,NIKKI R.  HALEY,25
Monroe,PRECINCT 22,President,,REP,NIKKI R.  HALEY,18
Monroe,PRECINCT 24,President,,REP,NIKKI R.  HALEY,17
Monroe,PRECINCT 1,President,,REP,RYAN L.  BINKLEY,0
Monroe,PRECINCT 2,President,,REP,RYAN L.  BINKLEY,3
Monroe,PRECINCT 11,President,,REP,RYAN L.  BINKLEY,2
Monroe,PRECINCT 14,President,,REP,RYAN L.  BINKLEY,4
Monroe,PRECINCT 15,President,,REP,RYAN L.  BINKLEY,0
Monroe,PRECINCT 17,President,,REP,RYAN L.  BINKLEY,4
Monroe,PRECINCT 18,President,,REP,RYAN L.  BINKLEY,1
Monroe,PRECINCT 19,President,,REP,RYAN L.  BINKLEY,1
Monroe,PRECINCT 21,President,,REP,RYAN L.  BINKLEY,3
Monroe,PRECINCT 22,President,,REP,RYAN L.  BINKLEY,2
Monroe,PRECINCT 24,President,,REP,RYAN L.  BINKLEY,0
Monroe,PRECINCT 1,President,,DEM,ARMANDO 'MANDO'  PEREZ-SERRATO,0
Monroe,PRECINCT 2,President,,DEM,ARMANDO 'MANDO'  PEREZ-SERRATO,0
Monroe,PRECINCT 11,President,,DEM,ARMANDO 'MANDO'  PEREZ-SERRATO,0
Monroe,PRECINCT 14,President,,DEM,ARMANDO 'MANDO'  PEREZ-SERRATO,2
Monroe,PRECINCT 15,President,,DEM,ARMANDO 'MANDO'  PEREZ-SERRATO,3
Monroe,PRECINCT 17,President,,DEM,ARMANDO 'MANDO'  PEREZ-SERRATO,1
Monroe,PRECINCT 18,President,,DEM,ARMANDO 'MANDO'  PEREZ-SERRATO,0
Monroe,PRECINCT 19,President,,DEM,ARMANDO 'MANDO'  PEREZ-SERRATO,0
Monroe,PRECINCT 21,President,,DEM,ARMANDO 'MANDO'  PEREZ-SERRATO,1
Monroe,PRECINCT 22,President,,DEM,ARMANDO 'MANDO'  PEREZ-SERRATO,2
Monroe,PRECINCT 24,President,,DEM,ARMANDO 'MANDO'  PEREZ-SERRATO,4
Monroe,PRECINCT 1,President,,DEM,JOSEPH R. BIDEN JR,4
Monroe,PRECINCT 2,President,,DEM,JOSEPH R. BIDEN JR,59
Monroe,PRECINCT 11,President,,DEM,JOSEPH R. BIDEN JR,28
Monroe,PRECINCT 14,President,,DEM,JOSEPH R. BIDEN JR,97
Monroe,PRECINCT 15,President,,DEM,JOSEPH R. BIDEN JR,37
Monroe,PRECINCT 17,President,,DEM,JOSEPH R. BIDEN JR,46
Monroe,PRECINCT 18,President,,DEM,JOSEPH R. BIDEN JR,1
Monroe,PRECINCT 19,President,,DEM,JOSEPH R. BIDEN JR,4
Monroe,PRECINCT 21,President,,DEM,JOSEPH R. BIDEN JR,40
Monroe,PRECINCT 22,President,,DEM,JOSEPH R. BIDEN JR,79
Monroe,PRECINCT 24,President,,DEM,JOSEPH R. BIDEN JR,51
Monroe,PRECINCT 1,President,,DEM,JASON MICHAEL  PALMER,0
Monroe,PRECINCT 2,President,,DEM,JASON MICHAEL  PALMER,8
Monroe,PRECINCT 11,President,,DEM,JASON MICHAEL  PALMER,3
Monroe,PRECINCT 14,President,,DEM,JASON MICHAEL  PALMER,18
Monroe,PRECINCT 15,President,,DEM,JASON MICHAEL  PALMER,4
Monroe,PRECINCT 17,President,,DEM,JASON MICHAEL  PALMER,7
Monroe,PRECINCT 18,President,,DEM,JASON MICHAEL  PALMER,0
Monroe,PRECINCT 19,President,,DEM,JASON MICHAEL  PALMER,1
Monroe,PRECINCT 21,President,,DEM,JASON MICHAEL  PALMER,7
Monroe,PRECINCT 22,President,,DEM,JASON MICHAEL  PALMER,4
Monroe,PRECINCT 24,President,,DEM,JASON MICHAEL  PALMER,11
Monroe,PRECINCT 1,President,,DEM,DEAN PHILLIPS,0
Monroe,PRECINCT 2,President,,DEM,DEAN PHILLIPS,5
Monroe,PRECINCT 11,President,,DEM,DEAN PHILLIPS,0
Monroe,PRECINCT 14,President,,DEM,DEAN PHILLIPS,9
Monroe,PRECINCT 15,President,,DEM,DEAN PHILLIPS,4
Monroe,PRECINCT 17,President,,DEM,DEAN PHILLIPS,11
Monroe,PRECINCT 18,President,,DEM,DEAN PHILLIPS,1
Monroe,PRECINCT 19,President,,DEM,DEAN PHILLIPS,1
Monroe,PRECINCT 21,President,,DEM,DEAN PHILLIPS,5
Monroe,PRECINCT 22,President,,DEM,DEAN PHILLIPS,2
Monroe,PRECINCT 24,President,,DEM,DEAN PHILLIPS,5
Monroe,PRECINCT 1,President,,DEM,STEPHEN P  LYONS,1
Monroe,PRECINCT 2,President,,DEM,STEPHEN P  LYONS,7
Monroe,PRECINCT 11,President,,DEM,STEPHEN P  LYONS,4
Monroe,PRECINCT 14,President,,DEM,STEPHEN P  LYONS,12
Monroe,PRECINCT 15,President,,DEM,STEPHEN P  LYONS,6
Monroe,PRECINCT 17,President,,DEM,STEPHEN P  LYONS,7
Monroe,PRECINCT 18,President,,DEM,STEPHEN P  LYONS,0
Monroe,PRECINCT 19,President,,DEM,STEPHEN P  LYONS,0
Monroe,PRECINCT 21,President,,DEM,STEPHEN P  LYONS,10
Monroe,PRECINCT 22,President,,DEM,STEPHEN P  LYONS,8
Monroe,PRECINCT 24,President,,DEM,STEPHEN P  LYONS,6
Monroe,PRECINCT 1,President,,MTN,JILL STEIN,0
Monroe,PRECINCT 2,President,,MTN,JILL STEIN,0
Monroe,PRECINCT 11,President,,MTN,JILL STEIN,0
Monroe,PRECINCT 14,President,,MTN,JILL STEIN,0
Monroe,PRECINCT 15,President,,MTN,JILL STEIN,0
Monroe,PRECINCT 17,President,,MTN,JILL STEIN,0
Monroe,PRECINCT 18,President,,MTN,JILL STEIN,0
Monroe,PRECINCT 19,President,,MTN,JILL STEIN,0
Monroe,PRECINCT 21,President,,MTN,JILL STEIN,0
Monroe,PRECINCT 22,President,,MTN,JILL STEIN,0
Monroe,PRECINCT 24,President,,MTN,JILL STEIN,1
Monroe,PRECINCT 1,U.S. Senate,,REP,BRYAN BIRD,0
Monroe,PRECINCT 2,U.S. Senate,,REP,BRYAN BIRD,2
Monroe,PRECINCT 11,U.S. Senate,,REP,BRYAN BIRD,6
Monroe,PRECINCT 14,U.S. Senate,,REP,BRYAN BIRD,12
Monroe,PRECINCT 15,U.S. Senate,,REP,BRYAN BIRD,12
Monroe,PRECINCT 17,U.S. Senate,,REP,BRYAN BIRD,3
Monroe,PRECINCT 18,U.S. Senate,,REP,BRYAN BIRD,1
Monroe,PRECINCT 19,U.S. Senate,,REP,BRYAN BIRD,1
Monroe,PRECINCT 21,U.S. Senate,,REP,BRYAN BIRD,4
Monroe,PRECINCT 22,U.S. Senate,,REP,BRYAN BIRD,13
Monroe,PRECINCT 24,U.S. Senate,,REP,BRYAN BIRD,8
Monroe,PRECINCT 1,U.S. Senate,,REP,ALEXANDER X.  MOONEY,0
Monroe,PRECINCT 2,U.S. Senate,,REP,ALEXANDER X.  MOONEY,23
Monroe,PRECINCT 11,U.S. Senate,,REP,ALEXANDER X.  MOONEY,17
Monroe,PRECINCT 14,U.S. Senate,,REP,ALEXANDER X.  MOONEY,77
Monroe,PRECINCT 15,U.S. Senate,,REP,ALEXANDER X.  MOONEY,34
Monroe,PRECINCT 17,U.S. Senate,,REP,ALEXANDER X.  MOONEY,36
Monroe,PRECINCT 18,U.S. Senate,,REP,ALEXANDER X.  MOONEY,4
Monroe,PRECINCT 19,U.S. Senate,,REP,ALEXANDER X.  MOONEY,8
Monroe,PRECINCT 21,U.S. Senate,,REP,ALEXANDER X.  MOONEY,49
Monroe,PRECINCT 22,U.S. Senate,,REP,ALEXANDER X.  MOONEY,41
Monroe,PRECINCT 24,U.S. Senate,,REP,ALEXANDER X.  MOONEY,40
Monroe,PRECINCT 1,U.S. Senate,,REP,BRYAN McKINNEY,0
Monroe,PRECINCT 2,U.S. Senate,,REP,BRYAN McKINNEY,1
Monroe,PRECINCT 11,U.S. Senate,,REP,BRYAN McKINNEY,4
Monroe,PRECINCT 14,U.S. Senate,,REP,BRYAN McKINNEY,4
Monroe,PRECINCT 15,U.S. Senate,,REP,BRYAN McKINNEY,3
Monroe,PRECINCT 17,U.S. Senate,,REP,BRYAN McKINNEY,5
Monroe,PRECINCT 18,U.S. Senate,,REP,BRYAN McKINNEY,2
Monroe,PRECINCT 19,U.S. Senate,,REP,BRYAN McKINNEY,1
Monroe,PRECINCT 21,U.S. Senate,,REP,BRYAN McKINNEY,2
Monroe,PRECINCT 22,U.S. Senate,,REP,BRYAN McKINNEY,4
Monroe,PRECINCT 24,U.S. Senate,,REP,BRYAN McKINNEY,4
Monroe,PRECINCT 1,U.S. Senate,,REP,ZANE LAWHORN,0
Monroe,PRECINCT 2,U.S. Senate,,REP,ZANE LAWHORN,22
Monroe,PRECINCT 11,U.S. Senate,,REP,ZANE LAWHORN,10
Monroe,PRECINCT 14,U.S. Senate,,REP,ZANE LAWHORN,42
Monroe,PRECINCT 15,U.S. Senate,,REP,ZANE LAWHORN,12
Monroe,PRECINCT 17,U.S. Senate,,REP,ZANE LAWHORN,68
Monroe,PRECINCT 18,U.S. Senate,,REP,ZANE LAWHORN,5
Monroe,PRECINCT 19,U.S. Senate,,REP,ZANE LAWHORN,2
Monroe,PRECINCT 21,U.S. Senate,,REP,ZANE LAWHORN,85
Monroe,PRECINCT 22,U.S. Senate,,REP,ZANE LAWHORN,37
Monroe,PRECINCT 24,U.S. Senate,,REP,ZANE LAWHORN,52
Monroe,PRECINCT 1,U.S. Senate,,REP,JIM JUSTICE,3
Monroe,PRECINCT 2,U.S. Senate,,REP,JIM JUSTICE,136
Monroe,PRECINCT 11,U.S. Senate,,REP,JIM JUSTICE,65
Monroe,PRECINCT 14,U.S. Senate,,REP,JIM JUSTICE,218
Monroe,PRECINCT 15,U.S. Senate,,REP,JIM JUSTICE,147
Monroe,PRECINCT 17,U.S. Senate,,REP,JIM JUSTICE,223
Monroe,PRECINCT 18,U.S. Senate,,REP,JIM JUSTICE,31
Monroe,PRECINCT 19,U.S. Senate,,REP,JIM JUSTICE,26
Monroe,PRECINCT 21,U.S. Senate,,REP,JIM JUSTICE,274
Monroe,PRECINCT 22,U.S. Senate,,REP,JIM JUSTICE,109
Monroe,PRECINCT 24,U.S. Senate,,REP,JIM JUSTICE,206
Monroe,PRECINCT 1,U.S. Senate,,REP,JANET McNULTY,0
Monroe,PRECINCT 2,U.S. Senate,,REP,JANET McNULTY,4
Monroe,PRECINCT 11,U.S. Senate,,REP,JANET McNULTY,3
Monroe,PRECINCT 14,U.S. Senate,,REP,JANET McNULTY,5
Monroe,PRECINCT 15,U.S. Senate,,REP,JANET McNULTY,2
Monroe,PRECINCT 17,U.S. Senate,,REP,JANET McNULTY,5
Monroe,PRECINCT 18,U.S. Senate,,REP,JANET McNULTY,0
Monroe,PRECINCT 19,U.S. Senate,,REP,JANET McNULTY,0
Monroe,PRECINCT 21,U.S. Senate,,REP,JANET McNULTY,2
Monroe,PRECINCT 22,U.S. Senate,,REP,JANET McNULTY,3
Monroe,PRECINCT 24,U.S. Senate,,REP,JANET McNULTY,3
Monroe,PRECINCT 1,U.S. Senate,,REP,DON  LINDSAY,0
Monroe,PRECINCT 2,U.S. Senate,,REP,DON  LINDSAY,0
Monroe,PRECINCT 11,U.S. Senate,,REP,DON  LINDSAY,0
Monroe,PRECINCT 14,U.S. Senate,,REP,DON  LINDSAY,4
Monroe,PRECINCT 15,U.S. Senate,,REP,DON  LINDSAY,0
Monroe,PRECINCT 17,U.S. Senate,,REP,DON  LINDSAY,0
Monroe,PRECINCT 18,U.S. Senate,,REP,DON  LINDSAY,0
Monroe,PRECINCT 19,U.S. Senate,,REP,DON  LINDSAY,1
Monroe,PRECINCT 21,U.S. Senate,,REP,DON  LINDSAY,2
Monroe,PRECINCT 22,U.S. Senate,,REP,DON  LINDSAY,1
Monroe,PRECINCT 24,U.S. Senate,,REP,DON  LINDSAY,1
Monroe,PRECINCT 1,U.S. Senate,,DEM,GLENN ELLIOTT,1
Monroe,PRECINCT 2,U.S. Senate,,DEM,GLENN ELLIOTT,18
Monroe,PRECINCT 11,U.S. Senate,,DEM,GLENN ELLIOTT,6
Monroe,PRECINCT 14,U.S. Senate,,DEM,GLENN ELLIOTT,40
Monroe,PRECINCT 15,U.S. Senate,,DEM,GLENN ELLIOTT,11
Monroe,PRECINCT 17,U.S. Senate,,DEM,GLENN ELLIOTT,8
Monroe,PRECINCT 18,U.S. Senate,,DEM,GLENN ELLIOTT,3
Monroe,PRECINCT 19,U.S. Senate,,DEM,GLENN ELLIOTT,0
Monroe,PRECINCT 21,U.S. Senate,,DEM,GLENN ELLIOTT,12
Monroe,PRECINCT 22,U.S. Senate,,DEM,GLENN ELLIOTT,22
Monroe,PRECINCT 24,U.S. Senate,,DEM,GLENN ELLIOTT,18
Monroe,PRECINCT 1,U.S. Senate,,DEM,DON BLANKENSHIP,0
Monroe,PRECINCT 2,U.S. Senate,,DEM,DON BLANKENSHIP,5
Monroe,PRECINCT 11,U.S. Senate,,DEM,DON BLANKENSHIP,9
Monroe,PRECINCT 14,U.S. Senate,,DEM,DON BLANKENSHIP,17
Monroe,PRECINCT 15,U.S. Senate,,DEM,DON BLANKENSHIP,10
Monroe,PRECINCT 17,U.S. Senate,,DEM,DON BLANKENSHIP,11
Monroe,PRECINCT 18,U.S. Senate,,DEM,DON BLANKENSHIP,0
Monroe,PRECINCT 19,U.S. Senate,,DEM,DON BLANKENSHIP,0
Monroe,PRECINCT 21,U.S. Senate,,DEM,DON BLANKENSHIP,7
Monroe,PRECINCT 22,U.S. Senate,,DEM,DON BLANKENSHIP,11
Monroe,PRECINCT 24,U.S. Senate,,DEM,DON BLANKENSHIP,6
Monroe,PRECINCT 1,U.S. Senate,,DEM,ZACHARY  SHREWSBURY,4
Monroe,PRECINCT 2,U.S. Senate,,DEM,ZACHARY  SHREWSBURY,55
Monroe,PRECINCT 11,U.S. Senate,,DEM,ZACHARY  SHREWSBURY,24
Monroe,PRECINCT 14,U.S. Senate,,DEM,ZACHARY  SHREWSBURY,82
Monroe,PRECINCT 15,U.S. Senate,,DEM,ZACHARY  SHREWSBURY,40
Monroe,PRECINCT 17,U.S. Senate,,DEM,ZACHARY  SHREWSBURY,72
Monroe,PRECINCT 18,U.S. Senate,,DEM,ZACHARY  SHREWSBURY,2
Monroe,PRECINCT 19,U.S. Senate,,DEM,ZACHARY  SHREWSBURY,6
Monroe,PRECINCT 21,U.S. Senate,,DEM,ZACHARY  SHREWSBURY,54
Monroe,PRECINCT 22,U.S. Senate,,DEM,ZACHARY  SHREWSBURY,65
Monroe,PRECINCT 24,U.S. Senate,,DEM,ZACHARY  SHREWSBURY,65
Monroe,PRECINCT 1,U.S. Senate,,MTN,NO CANDIDATE FILED,0
Monroe,PRECINCT 2,U.S. Senate,,MTN,NO CANDIDATE FILED,0
Monroe,PRECINCT 11,U.S. Senate,,MTN,NO CANDIDATE FILED,0
Monroe,PRECINCT 14,U.S. Senate,,MTN,NO CANDIDATE FILED,0
Monroe,PRECINCT 15,U.S. Senate,,MTN,NO CANDIDATE FILED,0
Monroe,PRECINCT 17,U.S. Senate,,MTN,NO CANDIDATE FILED,0
Monroe,PRECINCT 18,U.S. Senate,,MTN,NO CANDIDATE FILED,0
Monroe,PRECINCT 19,U.S. Senate,,MTN,NO CANDIDATE FILED,0
Monroe,PRECINCT 21,U.S. Senate,,MTN,NO CANDIDATE FILED,0
Monroe,PRECINCT 22,U.S. Senate,,MTN,NO CANDIDATE FILED,0
Monroe,PRECINCT 24,U.S. Senate,,MTN,NO CANDIDATE FILED,0
Monroe,PRECINCT 1,U.S. House,1,REP,CAROL MILLER,3
Monroe,PRECINCT 2,U.S. House,1,REP,CAROL MILLER,103
Monroe,PRECINCT 11,U.S. House,1,REP,CAROL MILLER,60
Monroe,PRECINCT 14,U.S. House,1,REP,CAROL MILLER,206
Monroe,PRECINCT 15,U.S. House,1,REP,CAROL MILLER,139
Monroe,PRECINCT 17,U.S. House,1,REP,CAROL MILLER,214
Monroe,PRECINCT 18,U.S. House,1,REP,CAROL MILLER,21
Monroe,PRECINCT 19,U.S. House,1,REP,CAROL MILLER,22
Monroe,PRECINCT 21,U.S. House,1,REP,CAROL MILLER,241
Monroe,PRECINCT 22,U.S. House,1,REP,CAROL MILLER,122
Monroe,PRECINCT 24,U.S. House,1,REP,CAROL MILLER,205
Monroe,PRECINCT 1,U.S. House,1,REP,DERRICK  EVANS,0
Monroe,PRECINCT 2,U.S. House,1,REP,DERRICK  EVANS,74
Monroe,PRECINCT 11,U.S. House,1,REP,DERRICK  EVANS,42
Monroe,PRECINCT 14,U.S. House,1,REP,DERRICK  EVANS,139
Monroe,PRECINCT 15,U.S. House,1,REP,DERRICK  EVANS,62
Monroe,PRECINCT 17,U.S. House,1,REP,DERRICK  EVANS,110
Monroe,PRECINCT 18,U.S. House,1,REP,DERRICK  EVANS,18
Monroe,PRECINCT 19,U.S. House,1,REP,DERRICK  EVANS,14
Monroe,PRECINCT 21,U.S. House,1,REP,DERRICK  EVANS,162
Monroe,PRECINCT 22,U.S. House,1,REP,DERRICK  EVANS,73
Monroe,PRECINCT 24,U.S. House,1,REP,DERRICK  EVANS,92
Monroe,PRECINCT 1,U.S. House,1,DEM,JIM UMBERGER,5
Monroe,PRECINCT 2,U.S. House,1,DEM,JIM UMBERGER,75
Monroe,PRECINCT 11,U.S. House,1,DEM,JIM UMBERGER,33
Monroe,PRECINCT 14,U.S. House,1,DEM,JIM UMBERGER,129
Monroe,PRECINCT 15,U.S. House,1,DEM,JIM UMBERGER,56
Monroe,PRECINCT 17,U.S. House,1,DEM,JIM UMBERGER,75
Monroe,PRECINCT 18,U.S. House,1,DEM,JIM UMBERGER,4
Monroe,PRECINCT 19,U.S. House,1,DEM,JIM UMBERGER,5
Monroe,PRECINCT 21,U.S. House,1,DEM,JIM UMBERGER,61
Monroe,PRECINCT 22,U.S. House,1,DEM,JIM UMBERGER,92
Monroe,PRECINCT 24,U.S. House,1,DEM,JIM UMBERGER,72
Monroe,PRECINCT 1,U.S. House,1,DEM,CHRIS BOB REED,0
Monroe,PRECINCT 2,U.S. House,1,DEM,CHRIS BOB REED,10
Monroe,PRECINCT 11,U.S. House,1,DEM,CHRIS BOB REED,4
Monroe,PRECINCT 14,U.S. House,1,DEM,CHRIS BOB REED,14
Monroe,PRECINCT 15,U.S. House,1,DEM,CHRIS BOB REED,6
Monroe,PRECINCT 17,U.S. House,1,DEM,CHRIS BOB REED,14
Monroe,PRECINCT 18,U.S. House,1,DEM,CHRIS BOB REED,2
Monroe,PRECINCT 19,U.S. House,1,DEM,CHRIS BOB REED,1
Monroe,PRECINCT 21,U.S. House,1,DEM,CHRIS BOB REED,11
Monroe,PRECINCT 22,U.S. House,1,DEM,CHRIS BOB REED,4
Monroe,PRECINCT 24,U.S. House,1,DEM,CHRIS BOB REED,14
Monroe,PRECINCT 1,U.S. House,1,MTN,NO CANDIDATE FILED,0
Monroe,PRECINCT 2,U.S. House,1,MTN,NO CANDIDATE FILED,0
Monroe,PRECINCT 11,U.S. House,1,MTN,NO CANDIDATE FILED,0
Monroe,PRECINCT 14,U.S. House,1,MTN,NO CANDIDATE FILED,0
Monroe,PRECINCT 15,U.S. House,1,MTN,NO CANDIDATE FILED,0
Monroe,PRECINCT 17,U.S. House,1,MTN,NO CANDIDATE FILED,0
Monroe,PRECINCT 18,U.S. House,1,MTN,NO CANDIDATE FILED,0
Monroe,PRECINCT 19,U.S. House,1,MTN,NO CANDIDATE FILED,0
Monroe,PRECINCT 21,U.S. House,1,MTN,NO CANDIDATE FILED,0
Monroe,PRECINCT 22,U.S. House,1,MTN,NO CANDIDATE FILED,0
Monroe,PRECINCT 24,U.S. House,1,MTN,NO CANDIDATE FILED,0
Monroe,PRECINCT 1,Governor,,REP,CHRIS MILLER,0
Monroe,PRECINCT 2,Governor,,REP,CHRIS MILLER,16
Monroe,PRECINCT 11,Governor,,REP,CHRIS MILLER,13
Monroe,PRECINCT 14,Governor,,REP,CHRIS MILLER,47
Monroe,PRECINCT 15,Governor,,REP,CHRIS MILLER,24
Monroe,PRECINCT 17,Governor,,REP,CHRIS MILLER,49
Monroe,PRECINCT 18,Governor,,REP,CHRIS MILLER,3
Monroe,PRECINCT 19,Governor,,REP,CHRIS MILLER,7
Monroe,PRECINCT 21,Governor,,REP,CHRIS MILLER,50
Monroe,PRECINCT 22,Governor,,REP,CHRIS MILLER,32
Monroe,PRECINCT 24,Governor,,REP,CHRIS MILLER,46
Monroe,PRECINCT 1,Governor,,REP,MITCH ROBERTS,0
Monroe,PRECINCT 2,Governor,,REP,MITCH ROBERTS,4
Monroe,PRECINCT 11,Governor,,REP,MITCH ROBERTS,3
Monroe,PRECINCT 14,Governor,,REP,MITCH ROBERTS,3
Monroe,PRECINCT 15,Governor,,REP,MITCH ROBERTS,2
Monroe,PRECINCT 17,Governor,,REP,MITCH ROBERTS,4
Monroe,PRECINCT 18,Governor,,REP,MITCH ROBERTS,1
Monroe,PRECINCT 19,Governor,,REP,MITCH ROBERTS,0
Monroe,PRECINCT 21,Governor,,REP,MITCH ROBERTS,7
Monroe,PRECINCT 22,Governor,,REP,MITCH ROBERTS,3
Monroe,PRECINCT 24,Governor,,REP,MITCH ROBERTS,4
Monroe,PRECINCT 1,Governor,,REP,PATRICK MORRISEY,1
Monroe,PRECINCT 2,Governor,,REP,PATRICK MORRISEY,59
Monroe,PRECINCT 11,Governor,,REP,PATRICK MORRISEY,38
Monroe,PRECINCT 14,Governor,,REP,PATRICK MORRISEY,109
Monroe,PRECINCT 15,Governor,,REP,PATRICK MORRISEY,73
Monroe,PRECINCT 17,Governor,,REP,PATRICK MORRISEY,117
Monroe,PRECINCT 18,Governor,,REP,PATRICK MORRISEY,11
Monroe,PRECINCT 19,Governor,,REP,PATRICK MORRISEY,21
Monroe,PRECINCT 21,Governor,,REP,PATRICK MORRISEY,168
Monroe,PRECINCT 22,Governor,,REP,PATRICK MORRISEY,81
Monroe,PRECINCT 24,Governor,,REP,PATRICK MORRISEY,109
Monroe,PRECINCT 1,Governor,,REP,MAC WARNER,2
Monroe,PRECINCT 2,Governor,,REP,MAC WARNER,48
Monroe,PRECINCT 11,Governor,,REP,MAC WARNER,27
Monroe,PRECINCT 14,Governor,,REP,MAC WARNER,91
Monroe,PRECINCT 15,Governor,,REP,MAC WARNER,50
Monroe,PRECINCT 17,Governor,,REP,MAC WARNER,42
Monroe,PRECINCT 18,Governor,,REP,MAC WARNER,16
Monroe,PRECINCT 19,Governor,,REP,MAC WARNER,6
Monroe,PRECINCT 21,Governor,,REP,MAC WARNER,74
Monroe,PRECINCT 22,Governor,,REP,MAC WARNER,41
Monroe,PRECINCT 24,Governor,,REP,MAC WARNER,47
Monroe,PRECINCT 1,Governor,,REP,KEVIN 'KC' CHRISTIAN,0
Monroe,PRECINCT 2,Governor,,REP,KEVIN 'KC' CHRISTIAN,2
Monroe,PRECINCT 11,Governor,,REP,KEVIN 'KC' CHRISTIAN,4
Monroe,PRECINCT 14,Governor,,REP,KEVIN 'KC' CHRISTIAN,8
Monroe,PRECINCT 15,Governor,,REP,KEVIN 'KC' CHRISTIAN,1
Monroe,PRECINCT 17,Governor,,REP,KEVIN 'KC' CHRISTIAN,7
Monroe,PRECINCT 18,Governor,,REP,KEVIN 'KC' CHRISTIAN,1
Monroe,PRECINCT 19,Governor,,REP,KEVIN 'KC' CHRISTIAN,1
Monroe,PRECINCT 21,Governor,,REP,KEVIN 'KC' CHRISTIAN,1
Monroe,PRECINCT 22,Governor,,REP,KEVIN 'KC' CHRISTIAN,5
Monroe,PRECINCT 24,Governor,,REP,KEVIN 'KC' CHRISTIAN,6
Monroe,PRECINCT 1,Governor,,REP,MOORE CAPITO,0
Monroe,PRECINCT 2,Governor,,REP,MOORE CAPITO,58
Monroe,PRECINCT 11,Governor,,REP,MOORE CAPITO,21
Monroe,PRECINCT 14,Governor,,REP,MOORE CAPITO,102
Monroe,PRECINCT 15,Governor,,REP,MOORE CAPITO,63
Monroe,PRECINCT 17,Governor,,REP,MOORE CAPITO,119
Monroe,PRECINCT 18,Governor,,REP,MOORE CAPITO,11
Monroe,PRECINCT 19,Governor,,REP,MOORE CAPITO,6
Monroe,PRECINCT 21,Governor,,REP,MOORE CAPITO,113
Monroe,PRECINCT 22,Governor,,REP,MOORE CAPITO,47
Monroe,PRECINCT 24,Governor,,REP,MOORE CAPITO,96
Monroe,PRECINCT 1,Governor,,DEM,STEVE WILLIAMS,4
Monroe,PRECINCT 2,Governor,,DEM,STEVE WILLIAMS,76
Monroe,PRECINCT 11,Governor,,DEM,STEVE WILLIAMS,32
Monroe,PRECINCT 14,Governor,,DEM,STEVE WILLIAMS,124
Monroe,PRECINCT 15,Governor,,DEM,STEVE WILLIAMS,51
Monroe,PRECINCT 17,Governor,,DEM,STEVE WILLIAMS,66
Monroe,PRECINCT 18,Governor,,DEM,STEVE WILLIAMS,5
Monroe,PRECINCT 19,Governor,,DEM,STEVE WILLIAMS,6
Monroe,PRECINCT 21,Governor,,DEM,STEVE WILLIAMS,64
Monroe,PRECINCT 22,Governor,,DEM,STEVE WILLIAMS,86
Monroe,PRECINCT 24,Governor,,DEM,STEVE WILLIAMS,77
Monroe,PRECINCT 1,Governor,,MTN,CHASE LINKO-LOOPER,0
Monroe,PRECINCT 2,Governor,,MTN,CHASE LINKO-LOOPER,0
Monroe,PRECINCT 11,Governor,,MTN,CHASE LINKO-LOOPER,0
Monroe,PRECINCT 14,Governor,,MTN,CHASE LINKO-LOOPER,0
Monroe,PRECINCT 15,Governor,,MTN,CHASE LINKO-LOOPER,0
Monroe,PRECINCT 17,Governor,,MTN,CHASE LINKO-LOOPER,0
Monroe,PRECINCT 18,Governor,,MTN,CHASE LINKO-LOOPER,0
Monroe,PRECINCT 19,Governor,,MTN,CHASE LINKO-LOOPER,0
Monroe,PRECINCT 21,Governor,,MTN,CHASE LINKO-LOOPER,0
Monroe,PRECINCT 22,Governor,,MTN,CHASE LINKO-LOOPER,0
Monroe,PRECINCT 24,Governor,,MTN,CHASE LINKO-LOOPER,1
Monroe,PRECINCT 1,Secretary of State,,REP,KEN REED,0
Monroe,PRECINCT 2,Secretary of State,,REP,KEN REED,25
Monroe,PRECINCT 11,Secretary of State,,REP,KEN REED,16
Monroe,PRECINCT 14,Secretary of State,,REP,KEN REED,39
Monroe,PRECINCT 15,Secretary of State,,REP,KEN REED,27
Monroe,PRECINCT 17,Secretary of State,,REP,KEN REED,39
Monroe,PRECINCT 18,Secretary of State,,REP,KEN REED,3
Monroe,PRECINCT 19,Secretary of State,,REP,KEN REED,7
Monroe,PRECINCT 21,Secretary of State,,REP,KEN REED,62
Monroe,PRECINCT 22,Secretary of State,,REP,KEN REED,30
Monroe,PRECINCT 24,Secretary of State,,REP,KEN REED,50
Monroe,PRECINCT 1,Secretary of State,,REP,BRIAN WOOD,0
Monroe,PRECINCT 2,Secretary of State,,REP,BRIAN WOOD,16
Monroe,PRECINCT 11,Secretary of State,,REP,BRIAN WOOD,8
Monroe,PRECINCT 14,Secretary of State,,REP,BRIAN WOOD,45
Monroe,PRECINCT 15,Secretary of State,,REP,BRIAN WOOD,11
Monroe,PRECINCT 17,Secretary of State,,REP,BRIAN WOOD,27
Monroe,PRECINCT 18,Secretary of State,,REP,BRIAN WOOD,2
Monroe,PRECINCT 19,Secretary of State,,REP,BRIAN WOOD,10
Monroe,PRECINCT 21,Secretary of State,,REP,BRIAN WOOD,60
Monroe,PRECINCT 22,Secretary of State,,REP,BRIAN WOOD,32
Monroe,PRECINCT 24,Secretary of State,,REP,BRIAN WOOD,43
Monroe,PRECINCT 1,Secretary of State,,REP,DOUG  SKAFF JR.,0
Monroe,PRECINCT 2,Secretary of State,,REP,DOUG  SKAFF JR.,33
Monroe,PRECINCT 11,Secretary of State,,REP,DOUG  SKAFF JR.,13
Monroe,PRECINCT 14,Secretary of State,,REP,DOUG  SKAFF JR.,59
Monroe,PRECINCT 15,Secretary of State,,REP,DOUG  SKAFF JR.,36
Monroe,PRECINCT 17,Secretary of State,,REP,DOUG  SKAFF JR.,41
Monroe,PRECINCT 18,Secretary of State,,REP,DOUG  SKAFF JR.,8
Monroe,PRECINCT 19,Secretary of State,,REP,DOUG  SKAFF JR.,4
Monroe,PRECINCT 21,Secretary of State,,REP,DOUG  SKAFF JR.,49
Monroe,PRECINCT 22,Secretary of State,,REP,DOUG  SKAFF JR.,27
Monroe,PRECINCT 24,Secretary of State,,REP,DOUG  SKAFF JR.,40
Monroe,PRECINCT 1,Secretary of State,,REP,KRIS WARNER,3
Monroe,PRECINCT 2,Secretary of State,,REP,KRIS WARNER,100
Monroe,PRECINCT 11,Secretary of State,,REP,KRIS WARNER,60
Monroe,PRECINCT 14,Secretary of State,,REP,KRIS WARNER,179
Monroe,PRECINCT 15,Secretary of State,,REP,KRIS WARNER,112
Monroe,PRECINCT 17,Secretary of State,,REP,KRIS WARNER,186
Monroe,PRECINCT 18,Secretary of State,,REP,KRIS WARNER,23
Monroe,PRECINCT 19,Secretary of State,,REP,KRIS WARNER,15
Monroe,PRECINCT 21,Secretary of State,,REP,KRIS WARNER,204
Monroe,PRECINCT 22,Secretary of State,,REP,KRIS WARNER,96
Monroe,PRECINCT 24,Secretary of State,,REP,KRIS WARNER,147
Monroe,PRECINCT 1,Secretary of State,,DEM,THORNTON COOPER,4
Monroe,PRECINCT 2,Secretary of State,,DEM,THORNTON COOPER,68
Monroe,PRECINCT 11,Secretary of State,,DEM,THORNTON COOPER,29
Monroe,PRECINCT 14,Secretary of State,,DEM,THORNTON COOPER,114
Monroe,PRECINCT 15,Secretary of State,,DEM,THORNTON COOPER,44
Monroe,PRECINCT 17,Secretary of State,,DEM,THORNTON COOPER,63
Monroe,PRECINCT 18,Secretary of State,,DEM,THORNTON COOPER,3
Monroe,PRECINCT 19,Secretary of State,,DEM,THORNTON COOPER,6
Monroe,PRECINCT 21,Secretary of State,,DEM,THORNTON COOPER,58
Monroe,PRECINCT 22,Secretary of State,,DEM,THORNTON COOPER,83
Monroe,PRECINCT 24,Secretary of State,,DEM,THORNTON COOPER,75
Monroe,PRECINCT 1,Secretary of State,,MTN,NO CANDIDATE FILED,0
Monroe,PRECINCT 2,Secretary of State,,MTN,NO CANDIDATE FILED,0
Monroe,PRECINCT 11,Secretary of State,,MTN,NO CANDIDATE FILED,0
Monroe,PRECINCT 14,Secretary of State,,MTN,NO CANDIDATE FILED,0
Monroe,PRECINCT 15,Secretary of State,,MTN,NO CANDIDATE FILED,0
Monroe,PRECINCT 17,Secretary of State,,MTN,NO CANDIDATE FILED,0
Monroe,PRECINCT 18,Secretary of State,,MTN,NO CANDIDATE FILED,0
Monroe,PRECINCT 19,Secretary of State,,MTN,NO CANDIDATE FILED,0
Monroe,PRECINCT 21,Secretary of State,,MTN,NO CANDIDATE FILED,0
Monroe,PRECINCT 22,Secretary of State,,MTN,NO CANDIDATE FILED,0
Monroe,PRECINCT 24,Secretary of State,,MTN,NO CANDIDATE FILED,0
Monroe,PRECINCT 1,Auditor,,REP,CALEB L.  HANNA,1
Monroe,PRECINCT 2,Auditor,,REP,CALEB L.  HANNA,51
Monroe,PRECINCT 11,Auditor,,REP,CALEB L.  HANNA,29
Monroe,PRECINCT 14,Auditor,,REP,CALEB L.  HANNA,70
Monroe,PRECINCT 15,Auditor,,REP,CALEB L.  HANNA,41
Monroe,PRECINCT 17,Auditor,,REP,CALEB L.  HANNA,44
Monroe,PRECINCT 18,Auditor,,REP,CALEB L.  HANNA,14
Monroe,PRECINCT 19,Auditor,,REP,CALEB L.  HANNA,11
Monroe,PRECINCT 21,Auditor,,REP,CALEB L.  HANNA,55
Monroe,PRECINCT 22,Auditor,,REP,CALEB L.  HANNA,34
Monroe,PRECINCT 24,Auditor,,REP,CALEB L.  HANNA,38
Monroe,PRECINCT 1,Auditor,,REP,TRICIA  JACKSON,2
Monroe,PRECINCT 2,Auditor,,REP,TRICIA  JACKSON,24
Monroe,PRECINCT 11,Auditor,,REP,TRICIA  JACKSON,17
Monroe,PRECINCT 14,Auditor,,REP,TRICIA  JACKSON,61
Monroe,PRECINCT 15,Auditor,,REP,TRICIA  JACKSON,34
Monroe,PRECINCT 17,Auditor,,REP,TRICIA  JACKSON,71
Monroe,PRECINCT 18,Auditor,,REP,TRICIA  JACKSON,3
Monroe,PRECINCT 19,Auditor,,REP,TRICIA  JACKSON,8
Monroe,PRECINCT 21,Auditor,,REP,TRICIA  JACKSON,84
Monroe,PRECINCT 22,Auditor,,REP,TRICIA  JACKSON,36
Monroe,PRECINCT 24,Auditor,,REP,TRICIA  JACKSON,50
Monroe,PRECINCT 1,Auditor,,REP,ERIC L. HOUSEHOLDER,0
Monroe,PRECINCT 2,Auditor,,REP,ERIC L. HOUSEHOLDER,26
Monroe,PRECINCT 11,Auditor,,REP,ERIC L. HOUSEHOLDER,11
Monroe,PRECINCT 14,Auditor,,REP,ERIC L. HOUSEHOLDER,63
Monroe,PRECINCT 15,Auditor,,REP,ERIC L. HOUSEHOLDER,28
Monroe,PRECINCT 17,Auditor,,REP,ERIC L. HOUSEHOLDER,43
Monroe,PRECINCT 18,Auditor,,REP,ERIC L. HOUSEHOLDER,4
Monroe,PRECINCT 19,Auditor,,REP,ERIC L. HOUSEHOLDER,4
Monroe,PRECINCT 21,Auditor,,REP,ERIC L. HOUSEHOLDER,78
Monroe,PRECINCT 22,Auditor,,REP,ERIC L. HOUSEHOLDER,37
Monroe,PRECINCT 24,Auditor,,REP,ERIC L. HOUSEHOLDER,47
Monroe,PRECINCT 1,Auditor,,REP,MARK HUNT,0
Monroe,PRECINCT 2,Auditor,,REP,MARK HUNT,63
Monroe,PRECINCT 11,Auditor,,REP,MARK HUNT,34
Monroe,PRECINCT 14,Auditor,,REP,MARK HUNT,111
Monroe,PRECINCT 15,Auditor,,REP,MARK HUNT,69
Monroe,PRECINCT 17,Auditor,,REP,MARK HUNT,111
Monroe,PRECINCT 18,Auditor,,REP,MARK HUNT,15
Monroe,PRECINCT 19,Auditor,,REP,MARK HUNT,11
Monroe,PRECINCT 21,Auditor,,REP,MARK HUNT,139
Monroe,PRECINCT 22,Auditor,,REP,MARK HUNT,64
Monroe,PRECINCT 24,Auditor,,REP,MARK HUNT,125
Monroe,PRECINCT 1,Auditor,,DEM,MARY ANN ROEBUCK CLAYTOR,4
Monroe,PRECINCT 2,Auditor,,DEM,MARY ANN ROEBUCK CLAYTOR,68
Monroe,PRECINCT 11,Auditor,,DEM,MARY ANN ROEBUCK CLAYTOR,29
Monroe,PRECINCT 14,Auditor,,DEM,MARY ANN ROEBUCK CLAYTOR,117
Monroe,PRECINCT 15,Auditor,,DEM,MARY ANN ROEBUCK CLAYTOR,46
Monroe,PRECINCT 17,Auditor,,DEM,MARY ANN ROEBUCK CLAYTOR,61
Monroe,PRECINCT 18,Auditor,,DEM,MARY ANN ROEBUCK CLAYTOR,2
Monroe,PRECINCT 19,Auditor,,DEM,MARY ANN ROEBUCK CLAYTOR,6
Monroe,PRECINCT 21,Auditor,,DEM,MARY ANN ROEBUCK CLAYTOR,61
Monroe,PRECINCT 22,Auditor,,DEM,MARY ANN ROEBUCK CLAYTOR,83
Monroe,PRECINCT 24,Auditor,,DEM,MARY ANN ROEBUCK CLAYTOR,74
Monroe,PRECINCT 1,Auditor,,MTN,NO CANDIDATE FILED,0
Monroe,PRECINCT 2,Auditor,,MTN,NO CANDIDATE FILED,0
Monroe,PRECINCT 11,Auditor,,MTN,NO CANDIDATE FILED,0
Monroe,PRECINCT 14,Auditor,,MTN,NO CANDIDATE FILED,0
Monroe,PRECINCT 15,Auditor,,MTN,NO CANDIDATE FILED,0
Monroe,PRECINCT 17,Auditor,,MTN,NO CANDIDATE FILED,0
Monroe,PRECINCT 18,Auditor,,MTN,NO CANDIDATE FILED,0
Monroe,PRECINCT 19,Auditor,,MTN,NO CANDIDATE FILED,0
Monroe,PRECINCT 21,Auditor,,MTN,NO CANDIDATE FILED,0
Monroe,PRECINCT 22,Auditor,,MTN,NO CANDIDATE FILED,0
Monroe,PRECINCT 24,Auditor,,MTN,NO CANDIDATE FILED,0
Monroe,PRECINCT 1,State Treasurer,,REP,LARRY PACK,3
Monroe,PRECINCT 2,State Treasurer,,REP,LARRY PACK,143
Monroe,PRECINCT 11,State Treasurer,,REP,LARRY PACK,85
Monroe,PRECINCT 14,State Treasurer,,REP,LARRY PACK,281
Monroe,PRECINCT 15,State Treasurer,,REP,LARRY PACK,152
Monroe,PRECINCT 17,State Treasurer,,REP,LARRY PACK,250
Monroe,PRECINCT 18,State Treasurer,,REP,LARRY PACK,31
Monroe,PRECINCT 19,State Treasurer,,REP,LARRY PACK,31
Monroe,PRECINCT 21,State Treasurer,,REP,LARRY PACK,332
Monroe,PRECINCT 22,State Treasurer,,REP,LARRY PACK,156
Monroe,PRECINCT 24,State Treasurer,,REP,LARRY PACK,239
Monroe,PRECINCT 1,State Treasurer,,DEM,NO CANDIDATE FILED,0
Monroe,PRECINCT 2,State Treasurer,,DEM,NO CANDIDATE FILED,0
Monroe,PRECINCT 11,State Treasurer,,DEM,NO CANDIDATE FILED,0
Monroe,PRECINCT 14,State Treasurer,,DEM,NO CANDIDATE FILED,0
Monroe,PRECINCT 15,State Treasurer,,DEM,NO CANDIDATE FILED,0
Monroe,PRECINCT 17,State Treasurer,,DEM,NO CANDIDATE FILED,0
Monroe,PRECINCT 18,State Treasurer,,DEM,NO CANDIDATE FILED,0
Monroe,PRECINCT 19,State Treasurer,,DEM,NO CANDIDATE FILED,0
Monroe,PRECINCT 21,State Treasurer,,DEM,NO CANDIDATE FILED,0
Monroe,PRECINCT 22,State Treasurer,,DEM,NO CANDIDATE FILED,0
Monroe,PRECINCT 24,State Treasurer,,DEM,NO CANDIDATE FILED,0
Monroe,PRECINCT 1,State Treasurer,,MTN,NO CANDIDATE FILED,0
Monroe,PRECINCT 2,State Treasurer,,MTN,NO CANDIDATE FILED,0
Monroe,PRECINCT 11,State Treasurer,,MTN,NO CANDIDATE FILED,0
Monroe,PRECINCT 14,State Treasurer,,MTN,NO CANDIDATE FILED,0
Monroe,PRECINCT 15,State Treasurer,,MTN,NO CANDIDATE FILED,0
Monroe,PRECINCT 17,State Treasurer,,MTN,NO CANDIDATE FILED,0
Monroe,PRECINCT 18,State Treasurer,,MTN,NO CANDIDATE FILED,0
Monroe,PRECINCT 19,State Treasurer,,MTN,NO CANDIDATE FILED,0
Monroe,PRECINCT 21,State Treasurer,,MTN,NO CANDIDATE FILED,0
Monroe,PRECINCT 22,State Treasurer,,MTN,NO CANDIDATE FILED,0
Monroe,PRECINCT 24,State Treasurer,,MTN,NO CANDIDATE FILED,0
Monroe,PRECINCT 1,Commissioner of Agriculture,,REP,ROY RAMEY,0
Monroe,PRECINCT 2,Commissioner of Agriculture,,REP,ROY RAMEY,25
Monroe,PRECINCT 11,Commissioner of Agriculture,,REP,ROY RAMEY,16
Monroe,PRECINCT 14,Commissioner of Agriculture,,REP,ROY RAMEY,61
Monroe,PRECINCT 15,Commissioner of Agriculture,,REP,ROY RAMEY,26
Monroe,PRECINCT 17,Commissioner of Agriculture,,REP,ROY RAMEY,35
Monroe,PRECINCT 18,Commissioner of Agriculture,,REP,ROY RAMEY,3
Monroe,PRECINCT 19,Commissioner of Agriculture,,REP,ROY RAMEY,6
Monroe,PRECINCT 21,Commissioner of Agriculture,,REP,ROY RAMEY,77
Monroe,PRECINCT 22,Commissioner of Agriculture,,REP,ROY RAMEY,32
Monroe,PRECINCT 24,Commissioner of Agriculture,,REP,ROY RAMEY,49
Monroe,PRECINCT 1,Commissioner of Agriculture,,REP,KENT LEONHARDT,2
Monroe,PRECINCT 2,Commissioner of Agriculture,,REP,KENT LEONHARDT,95
Monroe,PRECINCT 11,Commissioner of Agriculture,,REP,KENT LEONHARDT,57
Monroe,PRECINCT 14,Commissioner of Agriculture,,REP,KENT LEONHARDT,185
Monroe,PRECINCT 15,Commissioner of Agriculture,,REP,KENT LEONHARDT,114
Monroe,PRECINCT 17,Commissioner of Agriculture,,REP,KENT LEONHARDT,171
Monroe,PRECINCT 18,Commissioner of Agriculture,,REP,KENT LEONHARDT,25
Monroe,PRECINCT 19,Commissioner of Agriculture,,REP,KENT LEONHARDT,20
Monroe,PRECINCT 21,Commissioner of Agriculture,,REP,KENT LEONHARDT,180
Monroe,PRECINCT 22,Commissioner of Agriculture,,REP,KENT LEONHARDT,113
Monroe,PRECINCT 24,Commissioner of Agriculture,,REP,KENT LEONHARDT,119
Monroe,PRECINCT 1,Commissioner of Agriculture,,REP,JOSHUA KURT HIGGINBOTHAM,1
Monroe,PRECINCT 2,Commissioner of Agriculture,,REP,JOSHUA KURT HIGGINBOTHAM,45
Monroe,PRECINCT 11,Commissioner of Agriculture,,REP,JOSHUA KURT HIGGINBOTHAM,23
Monroe,PRECINCT 14,Commissioner of Agriculture,,REP,JOSHUA KURT HIGGINBOTHAM,83
Monroe,PRECINCT 15,Commissioner of Agriculture,,REP,JOSHUA KURT HIGGINBOTHAM,42
Monroe,PRECINCT 17,Commissioner of Agriculture,,REP,JOSHUA KURT HIGGINBOTHAM,77
Monroe,PRECINCT 18,Commissioner of Agriculture,,REP,JOSHUA KURT HIGGINBOTHAM,11
Monroe,PRECINCT 19,Commissioner of Agriculture,,REP,JOSHUA KURT HIGGINBOTHAM,8
Monroe,PRECINCT 21,Commissioner of Agriculture,,REP,JOSHUA KURT HIGGINBOTHAM,99
Monroe,PRECINCT 22,Commissioner of Agriculture,,REP,JOSHUA KURT HIGGINBOTHAM,33
Monroe,PRECINCT 24,Commissioner of Agriculture,,REP,JOSHUA KURT HIGGINBOTHAM,90
Monroe,PRECINCT 1,Commissioner of Agriculture,,DEM,DEBORAH STILES,4
Monroe,PRECINCT 2,Commissioner of Agriculture,,DEM,DEBORAH STILES,69
Monroe,PRECINCT 11,Commissioner of Agriculture,,DEM,DEBORAH STILES,30
Monroe,PRECINCT 14,Commissioner of Agriculture,,DEM,DEBORAH STILES,117
Monroe,PRECINCT 15,Commissioner of Agriculture,,DEM,DEBORAH STILES,49
Monroe,PRECINCT 17,Commissioner of Agriculture,,DEM,DEBORAH STILES,63
Monroe,PRECINCT 18,Commissioner of Agriculture,,DEM,DEBORAH STILES,4
Monroe,PRECINCT 19,Commissioner of Agriculture,,DEM,DEBORAH STILES,6
Monroe,PRECINCT 21,Commissioner of Agriculture,,DEM,DEBORAH STILES,59
Monroe,PRECINCT 22,Commissioner of Agriculture,,DEM,DEBORAH STILES,87
Monroe,PRECINCT 24,Commissioner of Agriculture,,DEM,DEBORAH STILES,74
Monroe,PRECINCT 1,Commissioner of Agriculture,,MTN,NO CANDIDATE FILED,0
Monroe,PRECINCT 2,Commissioner of Agriculture,,MTN,NO CANDIDATE FILED,0
Monroe,PRECINCT 11,Commissioner of Agriculture,,MTN,NO CANDIDATE FILED,0
Monroe,PRECINCT 14,Commissioner of Agriculture,,MTN,NO CANDIDATE FILED,0
Monroe,PRECINCT 15,Commissioner of Agriculture,,MTN,NO CANDIDATE FILED,0
Monroe,PRECINCT 17,Commissioner of Agriculture,,MTN,NO CANDIDATE FILED,0
Monroe,PRECINCT 18,Commissioner of Agriculture,,MTN,NO CANDIDATE FILED,0
Monroe,PRECINCT 19,Commissioner of Agriculture,,MTN,NO CANDIDATE FILED,0
Monroe,PRECINCT 21,Commissioner of Agriculture,,MTN,NO CANDIDATE FILED,0
Monroe,PRECINCT 22,Commissioner of Agriculture,,MTN,NO CANDIDATE FILED,0
Monroe,PRECINCT 24,Commissioner of Agriculture,,MTN,NO CANDIDATE FILED,0
Monroe,PRECINCT 1,Attorney General,,REP,JOHN 'JB' McCUSKEY,2
Monroe,PRECINCT 2,Attorney General,,REP,JOHN 'JB' McCUSKEY,99
Monroe,PRECINCT 11,Attorney General,,REP,JOHN 'JB' McCUSKEY,63
Monroe,PRECINCT 14,Attorney General,,REP,JOHN 'JB' McCUSKEY,216
Monroe,PRECINCT 15,Attorney General,,REP,JOHN 'JB' McCUSKEY,111
Monroe,PRECINCT 17,Attorney General,,REP,JOHN 'JB' McCUSKEY,182
Monroe,PRECINCT 18,Attorney General,,REP,JOHN 'JB' McCUSKEY,19
Monroe,PRECINCT 19,Attorney General,,REP,JOHN 'JB' McCUSKEY,27
Monroe,PRECINCT 21,Attorney General,,REP,JOHN 'JB' McCUSKEY,231
Monroe,PRECINCT 22,Attorney General,,REP,JOHN 'JB' McCUSKEY,113
Monroe,PRECINCT 24,Attorney General,,REP,JOHN 'JB' McCUSKEY,170
Monroe,PRECINCT 1,Attorney General,,REP,MIKE STUART,1
Monroe,PRECINCT 2,Attorney General,,REP,MIKE STUART,66
Monroe,PRECINCT 11,Attorney General,,REP,MIKE STUART,34
Monroe,PRECINCT 14,Attorney General,,REP,MIKE STUART,109
Monroe,PRECINCT 15,Attorney General,,REP,MIKE STUART,72
Monroe,PRECINCT 17,Attorney General,,REP,MIKE STUART,106
Monroe,PRECINCT 18,Attorney General,,REP,MIKE STUART,17
Monroe,PRECINCT 19,Attorney General,,REP,MIKE STUART,10
Monroe,PRECINCT 21,Attorney General,,REP,MIKE STUART,147
Monroe,PRECINCT 22,Attorney General,,REP,MIKE STUART,70
Monroe,PRECINCT 24,Attorney General,,REP,MIKE STUART,99
Monroe,PRECINCT 1,Attorney General,,DEM,TERESA TORISEVA,4
Monroe,PRECINCT 2,Attorney General,,DEM,TERESA TORISEVA,40
Monroe,PRECINCT 11,Attorney General,,DEM,TERESA TORISEVA,17
Monroe,PRECINCT 14,Attorney General,,DEM,TERESA TORISEVA,48
Monroe,PRECINCT 15,Attorney General,,DEM,TERESA TORISEVA,21
Monroe,PRECINCT 17,Attorney General,,DEM,TERESA TORISEVA,33
Monroe,PRECINCT 18,Attorney General,,DEM,TERESA TORISEVA,1
Monroe,PRECINCT 19,Attorney General,,DEM,TERESA TORISEVA,3
Monroe,PRECINCT 21,Attorney General,,DEM,TERESA TORISEVA,35
Monroe,PRECINCT 22,Attorney General,,DEM,TERESA TORISEVA,37
Monroe,PRECINCT 24,Attorney General,,DEM,TERESA TORISEVA,26
Monroe,PRECINCT 1,Attorney General,,DEM,RICHIE ROBB,1
Monroe,PRECINCT 2,Attorney General,,DEM,RICHIE ROBB,36
Monroe,PRECINCT 11,Attorney General,,DEM,RICHIE ROBB,17
Monroe,PRECINCT 14,Attorney General,,DEM,RICHIE ROBB,84
Monroe,PRECINCT 15,Attorney General,,DEM,RICHIE ROBB,31
Monroe,PRECINCT 17,Attorney General,,DEM,RICHIE ROBB,38
Monroe,PRECINCT 18,Attorney General,,DEM,RICHIE ROBB,3
Monroe,PRECINCT 19,Attorney General,,DEM,RICHIE ROBB,3
Monroe,PRECINCT 21,Attorney General,,DEM,RICHIE ROBB,32
Monroe,PRECINCT 22,Attorney General,,DEM,RICHIE ROBB,53
Monroe,PRECINCT 24,Attorney General,,DEM,RICHIE ROBB,50
Monroe,PRECINCT 1,Attorney General,,MTN,NO CANDIDATE FILED,0
Monroe,PRECINCT 2,Attorney General,,MTN,NO CANDIDATE FILED,0
Monroe,PRECINCT 11,Attorney General,,MTN,NO CANDIDATE FILED,0
Monroe,PRECINCT 14,Attorney General,,MTN,NO CANDIDATE FILED,0
Monroe,PRECINCT 15,Attorney General,,MTN,NO CANDIDATE FILED,0
Monroe,PRECINCT 17,Attorney General,,MTN,NO CANDIDATE FILED,0
Monroe,PRECINCT 18,Attorney General,,MTN,NO CANDIDATE FILED,0
Monroe,PRECINCT 19,Attorney General,,MTN,NO CANDIDATE FILED,0
Monroe,PRECINCT 21,Attorney General,,MTN,NO CANDIDATE FILED,0
Monroe,PRECINCT 22,Attorney General,,MTN,NO CANDIDATE FILED,0
Monroe,PRECINCT 24,Attorney General,,MTN,NO CANDIDATE FILED,0
Monroe,PRECINCT 1,State Senate,10,REP,JACK DAVID WOODRUM,3
Monroe,PRECINCT 2,State Senate,10,REP,JACK DAVID WOODRUM,150
Monroe,PRECINCT 11,State Senate,10,REP,JACK DAVID WOODRUM,84
Monroe,PRECINCT 14,State Senate,10,REP,JACK DAVID WOODRUM,289
Monroe,PRECINCT 15,State Senate,10,REP,JACK DAVID WOODRUM,164
Monroe,PRECINCT 17,State Senate,10,REP,JACK DAVID WOODRUM,260
Monroe,PRECINCT 18,State Senate,10,REP,JACK DAVID WOODRUM,34
Monroe,PRECINCT 19,State Senate,10,REP,JACK DAVID WOODRUM,35
Monroe,PRECINCT 21,State Senate,10,REP,JACK DAVID WOODRUM,372
Monroe,PRECINCT 22,State Senate,10,REP,JACK DAVID WOODRUM,182
Monroe,PRECINCT 24,State Senate,10,REP,JACK DAVID WOODRUM,260
Monroe,PRECINCT 1,State Senate,10,DEM,NO CANDIDATE FILED,0
Monroe,PRECINCT 2,State Senate,10,DEM,NO CANDIDATE FILED,0
Monroe,PRECINCT 11,State Senate,10,DEM,NO CANDIDATE FILED,0
Monroe,PRECINCT 14,State Senate,10,DEM,NO CANDIDATE FILED,0
Monroe,PRECINCT 15,State Senate,10,DEM,NO CANDIDATE FILED,0
Monroe,PRECINCT 17,State Senate,10,DEM,NO CANDIDATE FILED,0
Monroe,PRECINCT 18,State Senate,10,DEM,NO CANDIDATE FILED,0
Monroe,PRECINCT 19,State Senate,10,DEM,NO CANDIDATE FILED,0
Monroe,PRECINCT 21,State Senate,10,DEM,NO CANDIDATE FILED,0
Monroe,PRECINCT 22,State Senate,10,DEM,NO CANDIDATE FILED,0
Monroe,PRECINCT 24,State Senate,10,DEM,NO CANDIDATE FILED,0
Monroe,PRECINCT 1,State Senate,10,MTN,NO CANDIDATE FILED,0
Monroe,PRECINCT 2,State Senate,10,MTN,NO CANDIDATE FILED,0
Monroe,PRECINCT 11,State Senate,10,MTN,NO CANDIDATE FILED,0
Monroe,PRECINCT 14,State Senate,10,MTN,NO CANDIDATE FILED,0
Monroe,PRECINCT 15,State Senate,10,MTN,NO CANDIDATE FILED,0
Monroe,PRECINCT 17,State Senate,10,MTN,NO CANDIDATE FILED,0
Monroe,PRECINCT 18,State Senate,10,MTN,NO CANDIDATE FILED,0
Monroe,PRECINCT 19,State Senate,10,MTN,NO CANDIDATE FILED,0
Monroe,PRECINCT 21,State Senate,10,MTN,NO CANDIDATE FILED,0
Monroe,PRECINCT 22,State Senate,10,MTN,NO CANDIDATE FILED,0
Monroe,PRECINCT 24,State Senate,10,MTN,NO CANDIDATE FILED,0
Monroe,PRECINCT 2,State House,40,REP,JONATHON FAIN,89
Monroe,PRECINCT 11,State House,40,REP,JONATHON FAIN,47
Monroe,PRECINCT 14,State House,40,REP,JONATHON FAIN,130
Monroe,PRECINCT 15,State House,40,REP,JONATHON FAIN,92
Monroe,PRECINCT 17,State House,40,REP,JONATHON FAIN,143
Monroe,PRECINCT 18,State House,40,REP,JONATHON FAIN,17
Monroe,PRECINCT 19,State House,40,REP,JONATHON FAIN,20
Monroe,PRECINCT 21,State House,40,REP,JONATHON FAIN,145
Monroe,PRECINCT 22,State House,40,REP,JONATHON FAIN,60
Monroe,PRECINCT 24,State House,40,REP,JONATHON FAIN,151
Monroe,PRECINCT 2,State House,40,REP,ROY G. COOPER,90
Monroe,PRECINCT 11,State House,40,REP,ROY G. COOPER,54
Monroe,PRECINCT 14,State House,40,REP,ROY G. COOPER,217
Monroe,PRECINCT 15,State House,40,REP,ROY G. COOPER,108
Monroe,PRECINCT 17,State House,40,REP,ROY G. COOPER,174
Monroe,PRECINCT 18,State House,40,REP,ROY G. COOPER,24
Monroe,PRECINCT 19,State House,40,REP,ROY G. COOPER,17
Monroe,PRECINCT 21,State House,40,REP,ROY G. COOPER,252
Monroe,PRECINCT 22,State House,40,REP,ROY G. COOPER,146
Monroe,PRECINCT 24,State House,40,REP,ROY G. COOPER,152
Monroe,PRECINCT 2,State House,40,DEM,JAMES W. 'JIM' McNEELY,76
Monroe,PRECINCT 11,State House,40,DEM,JAMES W. 'JIM' McNEELY,36
Monroe,PRECINCT 14,State House,40,DEM,JAMES W. 'JIM' McNEELY,132
Monroe,PRECINCT 15,State House,40,DEM,JAMES W. 'JIM' McNEELY,55
Monroe,PRECINCT 17,State House,40,DEM,JAMES W. 'JIM' McNEELY,81
Monroe,PRECINCT 18,State House,40,DEM,JAMES W. 'JIM' McNEELY,5
Monroe,PRECINCT 19,State House,40,DEM,JAMES W. 'JIM' McNEELY,6
Monroe,PRECINCT 21,State House,40,DEM,JAMES W. 'JIM' McNEELY,70
Monroe,PRECINCT 22,State House,40,DEM,JAMES W. 'JIM' McNEELY,85
Monroe,PRECINCT 24,State House,40,DEM,JAMES W. 'JIM' McNEELY,83
Monroe,PRECINCT 2,State House,40,MTN,NO CANDIDATE FILED,0
Monroe,PRECINCT 11,State House,40,MTN,NO CANDIDATE FILED,0
Monroe,PRECINCT 14,State House,40,MTN,NO CANDIDATE FILED,0
Monroe,PRECINCT 15,State House,40,MTN,NO CANDIDATE FILED,0
Monroe,PRECINCT 17,State House,40,MTN,NO CANDIDATE FILED,0
Monroe,PRECINCT 18,State House,40,MTN,NO CANDIDATE FILED,0
Monroe,PRECINCT 19,State House,40,MTN,NO CANDIDATE FILED,0
Monroe,PRECINCT 21,State House,40,MTN,NO CANDIDATE FILED,0
Monroe,PRECINCT 22,State House,40,MTN,NO CANDIDATE FILED,0
Monroe,PRECINCT 24,State House,40,MTN,NO CANDIDATE FILED,0
Monroe,PRECINCT 1,State House,47,REP,STEPHEN SNYDER,1
Monroe,PRECINCT 1,State House,47,REP,RAY CANTERBURY,0
Monroe,PRECINCT 1,State House,47,REP,GEORGE 'BOOGIE' AMBLER,2
Monroe,PRECINCT 1,State House,47,DEM,KAYLA M. McCOY,4
Monroe,PRECINCT 1,State House,47,DEM,ROGER  VANNOY,1
Monroe,PRECINCT 1,State House,47,MTN,NO CANDIDATE FILED,0
Monroe,PRECINCT 1,Supreme Court of Appeals,,,HALEY BUNN,8
Monroe,PRECINCT 2,Supreme Court of Appeals,,,HALEY BUNN,202
Monroe,PRECINCT 11,Supreme Court of Appeals,,,HALEY BUNN,128
Monroe,PRECINCT 14,Supreme Court of Appeals,,,HALEY BUNN,389
Monroe,PRECINCT 15,Supreme Court of Appeals,,,HALEY BUNN,206
Monroe,PRECINCT 17,Supreme Court of Appeals,,,HALEY BUNN,295
Monroe,PRECINCT 18,Supreme Court of Appeals,,,HALEY BUNN,33
Monroe,PRECINCT 19,Supreme Court of Appeals,,,HALEY BUNN,42
Monroe,PRECINCT 21,Supreme Court of Appeals,,,HALEY BUNN,399
Monroe,PRECINCT 22,Supreme Court of Appeals,,,HALEY BUNN,239
Monroe,PRECINCT 24,Supreme Court of Appeals,,,HALEY BUNN,312
Monroe,PRECINCT 1,Supreme Court of Appeals,,,CHARLES S TRUMP IV,6
Monroe,PRECINCT 2,Supreme Court of Appeals,,,CHARLES S TRUMP IV,190
Monroe,PRECINCT 11,Supreme Court of Appeals,,,CHARLES S TRUMP IV,124
Monroe,PRECINCT 14,Supreme Court of Appeals,,,CHARLES S TRUMP IV,353
Monroe,PRECINCT 15,Supreme Court of Appeals,,,CHARLES S TRUMP IV,202
Monroe,PRECINCT 17,Supreme Court of Appeals,,,CHARLES S TRUMP IV,284
Monroe,PRECINCT 18,Supreme Court of Appeals,,,CHARLES S TRUMP IV,33
Monroe,PRECINCT 19,Supreme Court of Appeals,,,CHARLES S TRUMP IV,40
Monroe,PRECINCT 21,Supreme Court of Appeals,,,CHARLES S TRUMP IV,397
Monroe,PRECINCT 22,Supreme Court of Appeals,,,CHARLES S TRUMP IV,222
Monroe,PRECINCT 24,Supreme Court of Appeals,,,CHARLES S TRUMP IV,303
Monroe,PRECINCT 1,Supreme Court of Appeals,,,MYCHAL S. SCHULZ,0
Monroe,PRECINCT 2,Supreme Court of Appeals,,,MYCHAL S. SCHULZ,55
Monroe,PRECINCT 11,Supreme Court of Appeals,,,MYCHAL S. SCHULZ,38
Monroe,PRECINCT 14,Supreme Court of Appeals,,,MYCHAL S. SCHULZ,101
Monroe,PRECINCT 15,Supreme Court of Appeals,,,MYCHAL S. SCHULZ,63
Monroe,PRECINCT 17,Supreme Court of Appeals,,,MYCHAL S. SCHULZ,90
Monroe,PRECINCT 18,Supreme Court of Appeals,,,MYCHAL S. SCHULZ,10
Monroe,PRECINCT 19,Supreme Court of Appeals,,,MYCHAL S. SCHULZ,7
Monroe,PRECINCT 21,Supreme Court of Appeals,,,MYCHAL S. SCHULZ,121
Monroe,PRECINCT 22,Supreme Court of Appeals,,,MYCHAL S. SCHULZ,53
Monroe,PRECINCT 24,Supreme Court of Appeals,,,MYCHAL S. SCHULZ,98
Monroe,PRECINCT 1,Supreme Court of Appeals,,,S. RYAN  WHITE,6
Monroe,PRECINCT 2,Supreme Court of Appeals,,,S. RYAN  WHITE,133
Monroe,PRECINCT 11,Supreme Court of Appeals,,,S. RYAN  WHITE,84
Monroe,PRECINCT 14,Supreme Court of Appeals,,,S. RYAN  WHITE,237
Monroe,PRECINCT 15,Supreme Court of Appeals,,,S. RYAN  WHITE,126
Monroe,PRECINCT 17,Supreme Court of Appeals,,,S. RYAN  WHITE,189
Monroe,PRECINCT 18,Supreme Court of Appeals,,,S. RYAN  WHITE,22
Monroe,PRECINCT 19,Supreme Court of Appeals,,,S. RYAN  WHITE,29
Monroe,PRECINCT 21,Supreme Court of Appeals,,,S. RYAN  WHITE,243
Monroe,PRECINCT 22,Supreme Court of Appeals,,,S. RYAN  WHITE,157
Monroe,PRECINCT 24,Supreme Court of Appeals,,,S. RYAN  WHITE,196
Monroe,PRECINCT 1,Supreme Court of Appeals,,,ELGINE HECETA McARDLE,2
Monroe,PRECINCT 2,Supreme Court of Appeals,,,ELGINE HECETA McARDLE,25
Monroe,PRECINCT 11,Supreme Court of Appeals,,,ELGINE HECETA McARDLE,12
Monroe,PRECINCT 14,Supreme Court of Appeals,,,ELGINE HECETA McARDLE,59
Monroe,PRECINCT 15,Supreme Court of Appeals,,,ELGINE HECETA McARDLE,34
Monroe,PRECINCT 17,Supreme Court of Appeals,,,ELGINE HECETA McARDLE,45
Monroe,PRECINCT 18,Supreme Court of Appeals,,,ELGINE HECETA McARDLE,4
Monroe,PRECINCT 19,Supreme Court of Appeals,,,ELGINE HECETA McARDLE,8
Monroe,PRECINCT 21,Supreme Court of Appeals,,,ELGINE HECETA McARDLE,51
Monroe,PRECINCT 22,Supreme Court of Appeals,,,ELGINE HECETA McARDLE,44
Monroe,PRECINCT 24,Supreme Court of Appeals,,,ELGINE HECETA McARDLE,35
Monroe,PRECINCT 1,Supreme Court of Appeals,,,KEITH LIVELY,0
Monroe,PRECINCT 2,Supreme Court of Appeals,,,KEITH LIVELY,26
Monroe,PRECINCT 11,Supreme Court of Appeals,,,KEITH LIVELY,14
Monroe,PRECINCT 14,Supreme Court of Appeals,,,KEITH LIVELY,32
Monroe,PRECINCT 15,Supreme Court of Appeals,,,KEITH LIVELY,16
Monroe,PRECINCT 17,Supreme Court of Appeals,,,KEITH LIVELY,17
Monroe,PRECINCT 18,Supreme Court of Appeals,,,KEITH LIVELY,1
Monroe,PRECINCT 19,Supreme Court of Appeals,,,KEITH LIVELY,3
Monroe,PRECINCT 21,Supreme Court of Appeals,,,KEITH LIVELY,27
Monroe,PRECINCT 22,Supreme Court of Appeals,,,KEITH LIVELY,17
Monroe,PRECINCT 24,Supreme Court of Appeals,,,KEITH LIVELY,19
Monroe,PRECINCT 1,Supreme Court of Appeals,,,AMY L. MANN,3
Monroe,PRECINCT 2,Supreme Court of Appeals,,,AMY L. MANN,49
Monroe,PRECINCT 11,Supreme Court of Appeals,,,AMY L. MANN,23
Monroe,PRECINCT 14,Supreme Court of Appeals,,,AMY L. MANN,66
Monroe,PRECINCT 15,Supreme Court of Appeals,,,AMY L. MANN,37
Monroe,PRECINCT 17,Supreme Court of Appeals,,,AMY L. MANN,85
Monroe,PRECINCT 18,Supreme Court of Appeals,,,AMY L. MANN,5
Monroe,PRECINCT 19,Supreme Court of Appeals,,,AMY L. MANN,6
Monroe,PRECINCT 21,Supreme Court of Appeals,,,AMY L. MANN,118
Monroe,PRECINCT 22,Supreme Court of Appeals,,,AMY L. MANN,96
Monroe,PRECINCT 24,Supreme Court of Appeals,,,AMY L. MANN,82
Monroe,PRECINCT 1,Supreme Court of Appeals,,,H. 'ROD' MOHLER,5
Monroe,PRECINCT 2,Supreme Court of Appeals,,,H. 'ROD' MOHLER,144
Monroe,PRECINCT 11,Supreme Court of Appeals,,,H. 'ROD' MOHLER,89
Monroe,PRECINCT 14,Supreme Court of Appeals,,,H. 'ROD' MOHLER,293
Monroe,PRECINCT 15,Supreme Court of Appeals,,,H. 'ROD' MOHLER,131
Monroe,PRECINCT 17,Supreme Court of Appeals,,,H. 'ROD' MOHLER,204
Monroe,PRECINCT 18,Supreme Court of Appeals,,,H. 'ROD' MOHLER,37
Monroe,PRECINCT 19,Supreme Court of Appeals,,,H. 'ROD' MOHLER,30
Monroe,PRECINCT 21,Supreme Court of Appeals,,,H. 'ROD' MOHLER,215
Monroe,PRECINCT 22,Supreme Court of Appeals,,,H. 'ROD' MOHLER,133
Monroe,PRECINCT 24,Supreme Court of Appeals,,,H. 'ROD' MOHLER,217
Monroe,PRECINCT 1,Supreme Court of Appeals,,,KRISTIN R. COOK,0
Monroe,PRECINCT 2,Supreme Court of Appeals,,,KRISTIN R. COOK,51
Monroe,PRECINCT 11,Supreme Court of Appeals,,,KRISTIN R. COOK,32
Monroe,PRECINCT 14,Supreme Court of Appeals,,,KRISTIN R. COOK,135
Monroe,PRECINCT 15,Supreme Court of Appeals,,,KRISTIN R. COOK,96
Monroe,PRECINCT 17,Supreme Court of Appeals,,,KRISTIN R. COOK,127
Monroe,PRECINCT 18,Supreme Court of Appeals,,,KRISTIN R. COOK,8
Monroe,PRECINCT 19,Supreme Court of Appeals,,,KRISTIN R. COOK,7
Monroe,PRECINCT 21,Supreme Court of Appeals,,,KRISTIN R. COOK,152
Monroe,PRECINCT 22,Supreme Court of Appeals,,,KRISTIN R. COOK,80
Monroe,PRECINCT 24,Supreme Court of Appeals,,,KRISTIN R. COOK,87
Monroe,PRECINCT 1,Supreme Court of Appeals,,,KELLY KEMP,2
Monroe,PRECINCT 2,Supreme Court of Appeals,,,KELLY KEMP,88
Monroe,PRECINCT 11,Supreme Court of Appeals,,,KELLY KEMP,51
Monroe,PRECINCT 14,Supreme Court of Appeals,,,KELLY KEMP,204
Monroe,PRECINCT 15,Supreme Court of Appeals,,,KELLY KEMP,97
Monroe,PRECINCT 17,Supreme Court of Appeals,,,KELLY KEMP,104
Monroe,PRECINCT 18,Supreme Court of Appeals,,,KELLY KEMP,17
Monroe,PRECINCT 19,Supreme Court of Appeals,,,KELLY KEMP,17
Monroe,PRECINCT 21,Supreme Court of Appeals,,,KELLY KEMP,166
Monroe,PRECINCT 22,Supreme Court of Appeals,,,KELLY KEMP,89
Monroe,PRECINCT 24,Supreme Court of Appeals,,,KELLY KEMP,120
Monroe,PRECINCT 1,Supreme Court of Appeals,,,R. GRADY FORD,2
Monroe,PRECINCT 2,Supreme Court of Appeals,,,R. GRADY FORD,111
Monroe,PRECINCT 11,Supreme Court of Appeals,,,R. GRADY FORD,64
Monroe,PRECINCT 14,Supreme Court of Appeals,,,R. GRADY FORD,184
Monroe,PRECINCT 15,Supreme Court of Appeals,,,R. GRADY FORD,95
Monroe,PRECINCT 17,Supreme Court of Appeals,,,R. GRADY FORD,144
Monroe,PRECINCT 18,Supreme Court of Appeals,,,R. GRADY FORD,17
Monroe,PRECINCT 19,Supreme Court of Appeals,,,R. GRADY FORD,8
Monroe,PRECINCT 21,Supreme Court of Appeals,,,R. GRADY FORD,153
Monroe,PRECINCT 22,Supreme Court of Appeals,,,R. GRADY FORD,119
Monroe,PRECINCT 24,Supreme Court of Appeals,,,R. GRADY FORD,106
Monroe,PRECINCT 1,Supreme Court of Appeals,,,CHRISTINE STUMP,4
Monroe,PRECINCT 2,Supreme Court of Appeals,,,CHRISTINE STUMP,61
Monroe,PRECINCT 11,Supreme Court of Appeals,,,CHRISTINE STUMP,41
Monroe,PRECINCT 14,Supreme Court of Appeals,,,CHRISTINE STUMP,102
Monroe,PRECINCT 15,Supreme Court of Appeals,,,CHRISTINE STUMP,76
Monroe,PRECINCT 17,Supreme Court of Appeals,,,CHRISTINE STUMP,117
Monroe,PRECINCT 18,Supreme Court of Appeals,,,CHRISTINE STUMP,13
Monroe,PRECINCT 19,Supreme Court of Appeals,,,CHRISTINE STUMP,16
Monroe,PRECINCT 21,Supreme Court of Appeals,,,CHRISTINE STUMP,122
Monroe,PRECINCT 22,Supreme Court of Appeals,,,CHRISTINE STUMP,72
Monroe,PRECINCT 24,Supreme Court of Appeals,,,CHRISTINE STUMP,121
Monroe,PRECINCT 1,MAGISTRATE,,,KEVIN L. MILLER,7
Monroe,PRECINCT 2,MAGISTRATE,,,KEVIN L. MILLER,245
Monroe,PRECINCT 11,MAGISTRATE,,,KEVIN L. MILLER,147
Monroe,PRECINCT 14,MAGISTRATE,,,KEVIN L. MILLER,493
Monroe,PRECINCT 15,MAGISTRATE,,,KEVIN L. MILLER,251
Monroe,PRECINCT 17,MAGISTRATE,,,KEVIN L. MILLER,371
Monroe,PRECINCT 18,MAGISTRATE,,,KEVIN L. MILLER,45
Monroe,PRECINCT 19,MAGISTRATE,,,KEVIN L. MILLER,44
Monroe,PRECINCT 21,MAGISTRATE,,,KEVIN L. MILLER,458
Monroe,PRECINCT 22,MAGISTRATE,,,KEVIN L. MILLER,285
Monroe,PRECINCT 24,MAGISTRATE,,,KEVIN L. MILLER,365
Monroe,PRECINCT 1,MAGISTRATE,,,FRANK C. BASILE,7
Monroe,PRECINCT 2,MAGISTRATE,,,FRANK C. BASILE,207
Monroe,PRECINCT 11,MAGISTRATE,,,FRANK C. BASILE,133
Monroe,PRECINCT 14,MAGISTRATE,,,FRANK C. BASILE,425
Monroe,PRECINCT 15,MAGISTRATE,,,FRANK C. BASILE,226
Monroe,PRECINCT 17,MAGISTRATE,,,FRANK C. BASILE,359
Monroe,PRECINCT 18,MAGISTRATE,,,FRANK C. BASILE,40
Monroe,PRECINCT 19,MAGISTRATE,,,FRANK C. BASILE,39
Monroe,PRECINCT 21,MAGISTRATE,,,FRANK C. BASILE,463
Monroe,PRECINCT 22,MAGISTRATE,,,FRANK C. BASILE,277
Monroe,PRECINCT 24,MAGISTRATE,,,FRANK C. BASILE,363
Monroe,PRECINCT 1,REP FOR COUNTY COMMISSIONER,,REP,KEVIN A MANN,3
Monroe,PRECINCT 2,REP FOR COUNTY COMMISSIONER,,REP,KEVIN A MANN,76
Monroe,PRECINCT 11,REP FOR COUNTY COMMISSIONER,,REP,KEVIN A MANN,41
Monroe,PRECINCT 14,REP FOR COUNTY COMMISSIONER,,REP,KEVIN A MANN,108
Monroe,PRECINCT 15,REP FOR COUNTY COMMISSIONER,,REP,KEVIN A MANN,60
Monroe,PRECINCT 17,REP FOR COUNTY COMMISSIONER,,REP,KEVIN A MANN,96
Monroe,PRECINCT 18,REP FOR COUNTY COMMISSIONER,,REP,KEVIN A MANN,12
Monroe,PRECINCT 19,REP FOR COUNTY COMMISSIONER,,REP,KEVIN A MANN,20
Monroe,PRECINCT 21,REP FOR COUNTY COMMISSIONER,,REP,KEVIN A MANN,92
Monroe,PRECINCT 22,REP FOR COUNTY COMMISSIONER,,REP,KEVIN A MANN,83
Monroe,PRECINCT 24,REP FOR COUNTY COMMISSIONER,,REP,KEVIN A MANN,79
Monroe,PRECINCT 1,REP FOR COUNTY COMMISSIONER,,REP,KENNY W. MANN,0
Monroe,PRECINCT 2,REP FOR COUNTY COMMISSIONER,,REP,KENNY W. MANN,92
Monroe,PRECINCT 11,REP FOR COUNTY COMMISSIONER,,REP,KENNY W. MANN,61
Monroe,PRECINCT 14,REP FOR COUNTY COMMISSIONER,,REP,KENNY W. MANN,250
Monroe,PRECINCT 15,REP FOR COUNTY COMMISSIONER,,REP,KENNY W. MANN,142
Monroe,PRECINCT 17,REP FOR COUNTY COMMISSIONER,,REP,KENNY W. MANN,229
Monroe,PRECINCT 18,REP FOR COUNTY COMMISSIONER,,REP,KENNY W. MANN,32
Monroe,PRECINCT 19,REP FOR COUNTY COMMISSIONER,,REP,KENNY W. MANN,18
Monroe,PRECINCT 21,REP FOR COUNTY COMMISSIONER,,REP,KENNY W. MANN,320
Monroe,PRECINCT 22,REP FOR COUNTY COMMISSIONER,,REP,KENNY W. MANN,122
Monroe,PRECINCT 24,REP FOR COUNTY COMMISSIONER,,REP,KENNY W. MANN,228
Monroe,PRECINCT 1,DEM FOR COUNTY COMMISSIONER,,DEM,NO CANDIDATE FILED,0
Monroe,PRECINCT 2,DEM FOR COUNTY COMMISSIONER,,DEM,NO CANDIDATE FILED,0
Monroe,PRECINCT 11,DEM FOR COUNTY COMMISSIONER,,DEM,NO CANDIDATE FILED,0
Monroe,PRECINCT 14,DEM FOR COUNTY COMMISSIONER,,DEM,NO CANDIDATE FILED,0
Monroe,PRECINCT 15,DEM FOR COUNTY COMMISSIONER,,DEM,NO CANDIDATE FILED,0
Monroe,PRECINCT 17,DEM FOR COUNTY COMMISSIONER,,DEM,NO CANDIDATE FILED,0
Monroe,PRECINCT 18,DEM FOR COUNTY COMMISSIONER,,DEM,NO CANDIDATE FILED,0
Monroe,PRECINCT 19,DEM FOR COUNTY COMMISSIONER,,DEM,NO CANDIDATE FILED,0
Monroe,PRECINCT 21,DEM FOR COUNTY COMMISSIONER,,DEM,NO CANDIDATE FILED,0
Monroe,PRECINCT 22,DEM FOR COUNTY COMMISSIONER,,DEM,NO CANDIDATE FILED,0
Monroe,PRECINCT 24,DEM FOR COUNTY COMMISSIONER,,DEM,NO CANDIDATE FILED,0
Monroe,PRECINCT 1,MTN FOR COUNTY COMMISSIONER,,MTN,NO CANDIDATE FILED,0
Monroe,PRECINCT 2,MTN FOR COUNTY COMMISSIONER,,MTN,NO CANDIDATE FILED,0
Monroe,PRECINCT 11,MTN FOR COUNTY COMMISSIONER,,MTN,NO CANDIDATE FILED,0
Monroe,PRECINCT 14,MTN FOR COUNTY COMMISSIONER,,MTN,NO CANDIDATE FILED,0
Monroe,PRECINCT 15,MTN FOR COUNTY COMMISSIONER,,MTN,NO CANDIDATE FILED,0
Monroe,PRECINCT 17,MTN FOR COUNTY COMMISSIONER,,MTN,NO CANDIDATE FILED,0
Monroe,PRECINCT 18,MTN FOR COUNTY COMMISSIONER,,MTN,NO CANDIDATE FILED,0
Monroe,PRECINCT 19,MTN FOR COUNTY COMMISSIONER,,MTN,NO CANDIDATE FILED,0
Monroe,PRECINCT 21,MTN FOR COUNTY COMMISSIONER,,MTN,NO CANDIDATE FILED,0
Monroe,PRECINCT 22,MTN FOR COUNTY COMMISSIONER,,MTN,NO CANDIDATE FILED,0
Monroe,PRECINCT 24,MTN FOR COUNTY COMMISSIONER,,MTN,NO CANDIDATE FILED,0
Monroe,PRECINCT 1,REP FOR PROSECUTING ATTORNEY,,REP,NO CANDIDATE FILED,0
Monroe,PRECINCT 2,REP FOR PROSECUTING ATTORNEY,,REP,NO CANDIDATE FILED,0
Monroe,PRECINCT 11,REP FOR PROSECUTING ATTORNEY,,REP,NO CANDIDATE FILED,0
Monroe,PRECINCT 14,REP FOR PROSECUTING ATTORNEY,,REP,NO CANDIDATE FILED,0
Monroe,PRECINCT 15,REP FOR PROSECUTING ATTORNEY,,REP,NO CANDIDATE FILED,0
Monroe,PRECINCT 17,REP FOR PROSECUTING ATTORNEY,,REP,NO CANDIDATE FILED,0
Monroe,PRECINCT 18,REP FOR PROSECUTING ATTORNEY,,REP,NO CANDIDATE FILED,0
Monroe,PRECINCT 19,REP FOR PROSECUTING ATTORNEY,,REP,NO CANDIDATE FILED,0
Monroe,PRECINCT 21,REP FOR PROSECUTING ATTORNEY,,REP,NO CANDIDATE FILED,0
Monroe,PRECINCT 22,REP FOR PROSECUTING ATTORNEY,,REP,NO CANDIDATE FILED,0
Monroe,PRECINCT 24,REP FOR PROSECUTING ATTORNEY,,REP,NO CANDIDATE FILED,0
Monroe,PRECINCT 1,DEM FOR PROSECUTING ATTORNEY,,DEM,JUSTIN R. ST. CLAIR,4
Monroe,PRECINCT 2,DEM FOR PROSECUTING ATTORNEY,,DEM,JUSTIN R. ST. CLAIR,75
Monroe,PRECINCT 11,DEM FOR PROSECUTING ATTORNEY,,DEM,JUSTIN R. ST. CLAIR,31
Monroe,PRECINCT 14,DEM FOR PROSECUTING ATTORNEY,,DEM,JUSTIN R. ST. CLAIR,132
Monroe,PRECINCT 15,DEM FOR PROSECUTING ATTORNEY,,DEM,JUSTIN R. ST. CLAIR,48
Monroe,PRECINCT 17,DEM FOR PROSECUTING ATTORNEY,,DEM,JUSTIN R. ST. CLAIR,78
Monroe,PRECINCT 18,DEM FOR PROSECUTING ATTORNEY,,DEM,JUSTIN R. ST. CLAIR,6
Monroe,PRECINCT 19,DEM FOR PROSECUTING ATTORNEY,,DEM,JUSTIN R. ST. CLAIR,6
Monroe,PRECINCT 21,DEM FOR PROSECUTING ATTORNEY,,DEM,JUSTIN R. ST. CLAIR,75
Monroe,PRECINCT 22,DEM FOR PROSECUTING ATTORNEY,,DEM,JUSTIN R. ST. CLAIR,93
Monroe,PRECINCT 24,DEM FOR PROSECUTING ATTORNEY,,DEM,JUSTIN R. ST. CLAIR,84
Monroe,PRECINCT 1,MTN FOR PROSECUTING ATTORNEY,,MTN,NO CANDIDATE FILED,0
Monroe,PRECINCT 2,MTN FOR PROSECUTING ATTORNEY,,MTN,NO CANDIDATE FILED,0
Monroe,PRECINCT 11,MTN FOR PROSECUTING ATTORNEY,,MTN,NO CANDIDATE FILED,0
Monroe,PRECINCT 14,MTN FOR PROSECUTING ATTORNEY,,MTN,NO CANDIDATE FILED,0
Monroe,PRECINCT 15,MTN FOR PROSECUTING ATTORNEY,,MTN,NO CANDIDATE FILED,0
Monroe,PRECINCT 17,MTN FOR PROSECUTING ATTORNEY,,MTN,NO CANDIDATE FILED,0
Monroe,PRECINCT 18,MTN FOR PROSECUTING ATTORNEY,,MTN,NO CANDIDATE FILED,0
Monroe,PRECINCT 19,MTN FOR PROSECUTING ATTORNEY,,MTN,NO CANDIDATE FILED,0
Monroe,PRECINCT 21,MTN FOR PROSECUTING ATTORNEY,,MTN,NO CANDIDATE FILED,0
Monroe,PRECINCT 22,MTN FOR PROSECUTING ATTORNEY,,MTN,NO CANDIDATE FILED,0
Monroe,PRECINCT 24,MTN FOR PROSECUTING ATTORNEY,,MTN,NO CANDIDATE FILED,0
Monroe,PRECINCT 1,REP FOR SHERIFF,,REP,MICHAEL HELLER,2
Monroe,PRECINCT 2,REP FOR SHERIFF,,REP,MICHAEL HELLER,155
Monroe,PRECINCT 11,REP FOR SHERIFF,,REP,MICHAEL HELLER,94
Monroe,PRECINCT 14,REP FOR SHERIFF,,REP,MICHAEL HELLER,328
Monroe,PRECINCT 15,REP FOR SHERIFF,,REP,MICHAEL HELLER,187
Monroe,PRECINCT 17,REP FOR SHERIFF,,REP,MICHAEL HELLER,257
Monroe,PRECINCT 18,REP FOR SHERIFF,,REP,MICHAEL HELLER,40
Monroe,PRECINCT 19,REP FOR SHERIFF,,REP,MICHAEL HELLER,22
Monroe,PRECINCT 21,REP FOR SHERIFF,,REP,MICHAEL HELLER,291
Monroe,PRECINCT 22,REP FOR SHERIFF,,REP,MICHAEL HELLER,155
Monroe,PRECINCT 24,REP FOR SHERIFF,,REP,MICHAEL HELLER,205
Monroe,PRECINCT 1,REP FOR SHERIFF,,REP,SCOTT MILLER,1
Monroe,PRECINCT 2,REP FOR SHERIFF,,REP,SCOTT MILLER,24
Monroe,PRECINCT 11,REP FOR SHERIFF,,REP,SCOTT MILLER,10
Monroe,PRECINCT 14,REP FOR SHERIFF,,REP,SCOTT MILLER,38
Monroe,PRECINCT 15,REP FOR SHERIFF,,REP,SCOTT MILLER,24
Monroe,PRECINCT 17,REP FOR SHERIFF,,REP,SCOTT MILLER,83
Monroe,PRECINCT 18,REP FOR SHERIFF,,REP,SCOTT MILLER,4
Monroe,PRECINCT 19,REP FOR SHERIFF,,REP,SCOTT MILLER,16
Monroe,PRECINCT 21,REP FOR SHERIFF,,REP,SCOTT MILLER,134
Monroe,PRECINCT 22,REP FOR SHERIFF,,REP,SCOTT MILLER,44
Monroe,PRECINCT 24,REP FOR SHERIFF,,REP,SCOTT MILLER,102
Monroe,PRECINCT 1,DEM FOR SHERIFF,,DEM,NO CANDIDATE FILED,0
Monroe,PRECINCT 2,DEM FOR SHERIFF,,DEM,NO CANDIDATE FILED,0
Monroe,PRECINCT 11,DEM FOR SHERIFF,,DEM,NO CANDIDATE FILED,0
Monroe,PRECINCT 14,DEM FOR SHERIFF,,DEM,NO CANDIDATE FILED,0
Monroe,PRECINCT 15,DEM FOR SHERIFF,,DEM,NO CANDIDATE FILED,0
Monroe,PRECINCT 17,DEM FOR SHERIFF,,DEM,NO CANDIDATE FILED,0
Monroe,PRECINCT 18,DEM FOR SHERIFF,,DEM,NO CANDIDATE FILED,0
Monroe,PRECINCT 19,DEM FOR SHERIFF,,DEM,NO CANDIDATE FILED,0
Monroe,PRECINCT 21,DEM FOR SHERIFF,,DEM,NO CANDIDATE FILED,0
Monroe,PRECINCT 22,DEM FOR SHERIFF,,DEM,NO CANDIDATE FILED,0
Monroe,PRECINCT 24,DEM FOR SHERIFF,,DEM,NO CANDIDATE FILED,0
Monroe,PRECINCT 1,MTN FOR SHERIFF,,MTN,NO CANDIDATE FILED,0
Monroe,PRECINCT 2,MTN FOR SHERIFF,,MTN,NO CANDIDATE FILED,0
Monroe,PRECINCT 11,MTN FOR SHERIFF,,MTN,NO CANDIDATE FILED,0
Monroe,PRECINCT 14,MTN FOR SHERIFF,,MTN,NO CANDIDATE FILED,0
Monroe,PRECINCT 15,MTN FOR SHERIFF,,MTN,NO CANDIDATE FILED,0
Monroe,PRECINCT 17,MTN FOR SHERIFF,,MTN,NO CANDIDATE FILED,0
Monroe,PRECINCT 18,MTN FOR SHERIFF,,MTN,NO CANDIDATE FILED,0
Monroe,PRECINCT 19,MTN FOR SHERIFF,,MTN,NO CANDIDATE FILED,0
Monroe,PRECINCT 21,MTN FOR SHERIFF,,MTN,NO CANDIDATE FILED,0
Monroe,PRECINCT 22,MTN FOR SHERIFF,,MTN,NO CANDIDATE FILED,0
Monroe,PRECINCT 24,MTN FOR SHERIFF,,MTN,NO CANDIDATE FILED,0
Monroe,PRECINCT 1,REP FOR ASSESSOR,,REP,SARAH F. MARTIN,3
Monroe,PRECINCT 2,REP FOR ASSESSOR,,REP,SARAH F. MARTIN,157
Monroe,PRECINCT 11,REP FOR ASSESSOR,,REP,SARAH F. MARTIN,95
Monroe,PRECINCT 14,REP FOR ASSESSOR,,REP,SARAH F. MARTIN,317
Monroe,PRECINCT 15,REP FOR ASSESSOR,,REP,SARAH F. MARTIN,180
Monroe,PRECINCT 17,REP FOR ASSESSOR,,REP,SARAH F. MARTIN,287
Monroe,PRECINCT 18,REP FOR ASSESSOR,,REP,SARAH F. MARTIN,36
Monroe,PRECINCT 19,REP FOR ASSESSOR,,REP,SARAH F. MARTIN,39
Monroe,PRECINCT 21,REP FOR ASSESSOR,,REP,SARAH F. MARTIN,366
Monroe,PRECINCT 22,REP FOR ASSESSOR,,REP,SARAH F. MARTIN,177
Monroe,PRECINCT 24,REP FOR ASSESSOR,,REP,SARAH F. MARTIN,269
Monroe,PRECINCT 1,DEM FOR ASSESSOR,,DEM,NO CANDIDATE FILED,0
Monroe,PRECINCT 2,DEM FOR ASSESSOR,,DEM,NO CANDIDATE FILED,0
Monroe,PRECINCT 11,DEM FOR ASSESSOR,,DEM,NO CANDIDATE FILED,0
Monroe,PRECINCT 14,DEM FOR ASSESSOR,,DEM,NO CANDIDATE FILED,0
Monroe,PRECINCT 15,DEM FOR ASSESSOR,,DEM,NO CANDIDATE FILED,0
Monroe,PRECINCT 17,DEM FOR ASSESSOR,,DEM,NO CANDIDATE FILED,0
Monroe,PRECINCT 18,DEM FOR ASSESSOR,,DEM,NO CANDIDATE FILED,0
Monroe,PRECINCT 19,DEM FOR ASSESSOR,,DEM,NO CANDIDATE FILED,0
Monroe,PRECINCT 21,DEM FOR ASSESSOR,,DEM,NO CANDIDATE FILED,0
Monroe,PRECINCT 22,DEM FOR ASSESSOR,,DEM,NO CANDIDATE FILED,0
Monroe,PRECINCT 24,DEM FOR ASSESSOR,,DEM,NO CANDIDATE FILED,0
Monroe,PRECINCT 1,MTN FOR ASSESSOR,,MTN,NO CANDIDATE FILED,0
Monroe,PRECINCT 2,MTN FOR ASSESSOR,,MTN,NO CANDIDATE FILED,0
Monroe,PRECINCT 11,MTN FOR ASSESSOR,,MTN,NO CANDIDATE FILED,0
Monroe,PRECINCT 14,MTN FOR ASSESSOR,,MTN,NO CANDIDATE FILED,0
Monroe,PRECINCT 15,MTN FOR ASSESSOR,,MTN,NO CANDIDATE FILED,0
Monroe,PRECINCT 17,MTN FOR ASSESSOR,,MTN,NO CANDIDATE FILED,0
Monroe,PRECINCT 18,MTN FOR ASSESSOR,,MTN,NO CANDIDATE FILED,0
Monroe,PRECINCT 19,MTN FOR ASSESSOR,,MTN,NO CANDIDATE FILED,0
Monroe,PRECINCT 21,MTN FOR ASSESSOR,,MTN,NO CANDIDATE FILED,0
Monroe,PRECINCT 22,MTN FOR ASSESSOR,,MTN,NO CANDIDATE FILED,0
Monroe,PRECINCT 24,MTN FOR ASSESSOR,,MTN,NO CANDIDATE FILED,0
Monroe,PRECINCT 1,REP FOR SURVEYOR,,REP,NO CANDIDATE FILED,0
Monroe,PRECINCT 2,REP FOR SURVEYOR,,REP,NO CANDIDATE FILED,0
Monroe,PRECINCT 11,REP FOR SURVEYOR,,REP,NO CANDIDATE FILED,0
Monroe,PRECINCT 14,REP FOR SURVEYOR,,REP,NO CANDIDATE FILED,0
Monroe,PRECINCT 15,REP FOR SURVEYOR,,REP,NO CANDIDATE FILED,0
Monroe,PRECINCT 17,REP FOR SURVEYOR,,REP,NO CANDIDATE FILED,0
Monroe,PRECINCT 18,REP FOR SURVEYOR,,REP,NO CANDIDATE FILED,0
Monroe,PRECINCT 19,REP FOR SURVEYOR,,REP,NO CANDIDATE FILED,0
Monroe,PRECINCT 21,REP FOR SURVEYOR,,REP,NO CANDIDATE FILED,0
Monroe,PRECINCT 22,REP FOR SURVEYOR,,REP,NO CANDIDATE FILED,0
Monroe,PRECINCT 24,REP FOR SURVEYOR,,REP,NO CANDIDATE FILED,0
Monroe,PRECINCT 1,DEM FOR SURVEYOR,,DEM,DAVID O. HOLZ,4
Monroe,PRECINCT 2,DEM FOR SURVEYOR,,DEM,DAVID O. HOLZ,69
Monroe,PRECINCT 11,DEM FOR SURVEYOR,,DEM,DAVID O. HOLZ,29
Monroe,PRECINCT 14,DEM FOR SURVEYOR,,DEM,DAVID O. HOLZ,129
Monroe,PRECINCT 15,DEM FOR SURVEYOR,,DEM,DAVID O. HOLZ,49
Monroe,PRECINCT 17,DEM FOR SURVEYOR,,DEM,DAVID O. HOLZ,80
Monroe,PRECINCT 18,DEM FOR SURVEYOR,,DEM,DAVID O. HOLZ,6
Monroe,PRECINCT 19,DEM FOR SURVEYOR,,DEM,DAVID O. HOLZ,6
Monroe,PRECINCT 21,DEM FOR SURVEYOR,,DEM,DAVID O. HOLZ,71
Monroe,PRECINCT 22,DEM FOR SURVEYOR,,DEM,DAVID O. HOLZ,94
Monroe,PRECINCT 24,DEM FOR SURVEYOR,,DEM,DAVID O. HOLZ,77
Monroe,PRECINCT 1,MTN FOR SURVEYOR,,MTN,NO CANDIDATE FILED,0
Monroe,PRECINCT 2,MTN FOR SURVEYOR,,MTN,NO CANDIDATE FILED,0
Monroe,PRECINCT 11,MTN FOR SURVEYOR,,MTN,NO CANDIDATE FILED,0
Monroe,PRECINCT 14,MTN FOR SURVEYOR,,MTN,NO CANDIDATE FILED,0
Monroe,PRECINCT 15,MTN FOR SURVEYOR,,MTN,NO CANDIDATE FILED,0
Monroe,PRECINCT 17,MTN FOR SURVEYOR,,MTN,NO CANDIDATE FILED,0
Monroe,PRECINCT 18,MTN FOR SURVEYOR,,MTN,NO CANDIDATE FILED,0
Monroe,PRECINCT 19,MTN FOR SURVEYOR,,MTN,NO CANDIDATE FILED,0
Monroe,PRECINCT 21,MTN FOR SURVEYOR,,MTN,NO CANDIDATE FILED,0
Monroe,PRECINCT 22,MTN FOR SURVEYOR,,MTN,NO CANDIDATE FILED,0
Monroe,PRECINCT 24,MTN FOR SURVEYOR,,MTN,NO CANDIDATE FILED,0
Monroe,PRECINCT 1,Supreme Court of Appeals,,,SCOTT WOMACK,4
Monroe,PRECINCT 2,Supreme Court of Appeals,,,SCOTT WOMACK,145
Monroe,PRECINCT 11,Supreme Court of Appeals,,,SCOTT WOMACK,90
Monroe,PRECINCT 14,Supreme Court of Appeals,,,SCOTT WOMACK,333
Monroe,PRECINCT 15,Supreme Court of Appeals,,,SCOTT WOMACK,148
Monroe,PRECINCT 17,Supreme Court of Appeals,,,SCOTT WOMACK,234
Monroe,PRECINCT 18,Supreme Court of Appeals,,,SCOTT WOMACK,28
Monroe,PRECINCT 19,Supreme Court of Appeals,,,SCOTT WOMACK,34
Monroe,PRECINCT 21,Supreme Court of Appeals,,,SCOTT WOMACK,223
Monroe,PRECINCT 22,Supreme Court of Appeals,,,SCOTT WOMACK,193
Monroe,PRECINCT 24,Supreme Court of Appeals,,,SCOTT WOMACK,175
Monroe,PRECINCT 1,Supreme Court of Appeals,,,SALLY WALLACE,4
Monroe,PRECINCT 2,Supreme Court of Appeals,,,SALLY WALLACE,116
Monroe,PRECINCT 11,Supreme Court of Appeals,,,SALLY WALLACE,75
Monroe,PRECINCT 14,Supreme Court of Appeals,,,SALLY WALLACE,241
Monroe,PRECINCT 15,Supreme Court of Appeals,,,SALLY WALLACE,134
Monroe,PRECINCT 17,Supreme Court of Appeals,,,SALLY WALLACE,103
Monroe,PRECINCT 18,Supreme Court of Appeals,,,SALLY WALLACE,20
Monroe,PRECINCT 19,Supreme Court of Appeals,,,SALLY WALLACE,12
Monroe,PRECINCT 21,Supreme Court of Appeals,,,SALLY WALLACE,90
Monroe,PRECINCT 22,Supreme Court of Appeals,,,SALLY WALLACE,100
Monroe,PRECINCT 24,Supreme Court of Appeals,,,SALLY WALLACE,81
Monroe,PRECINCT 1,Supreme Court of Appeals,,,WILLIAM (BILL) MILLER,2
Monroe,PRECINCT 2,Supreme Court of Appeals,,,WILLIAM (BILL) MILLER,101
Monroe,PRECINCT 11,Supreme Court of Appeals,,,WILLIAM (BILL) MILLER,46
Monroe,PRECINCT 14,Supreme Court of Appeals,,,WILLIAM (BILL) MILLER,145
Monroe,PRECINCT 15,Supreme Court of Appeals,,,WILLIAM (BILL) MILLER,87
Monroe,PRECINCT 17,Supreme Court of Appeals,,,WILLIAM (BILL) MILLER,171
Monroe,PRECINCT 18,Supreme Court of Appeals,,,WILLIAM (BILL) MILLER,20
Monroe,PRECINCT 19,Supreme Court of Appeals,,,WILLIAM (BILL) MILLER,12
Monroe,PRECINCT 21,Supreme Court of Appeals,,,WILLIAM (BILL) MILLER,238
Monroe,PRECINCT 22,Supreme Court of Appeals,,,WILLIAM (BILL) MILLER,126
Monroe,PRECINCT 24,Supreme Court of Appeals,,,WILLIAM (BILL) MILLER,179
Monroe,PRECINCT 1,Supreme Court of Appeals,,,SABRINA STUTTS,3
Monroe,PRECINCT 2,Supreme Court of Appeals,,,SABRINA STUTTS,53
Monroe,PRECINCT 11,Supreme Court of Appeals,,,SABRINA STUTTS,30
Monroe,PRECINCT 14,Supreme Court of Appeals,,,SABRINA STUTTS,120
Monroe,PRECINCT 15,Supreme Court of Appeals,,,SABRINA STUTTS,69
Monroe,PRECINCT 17,Supreme Court of Appeals,,,SABRINA STUTTS,212
Monroe,PRECINCT 18,Supreme Court of Appeals,,,SABRINA STUTTS,18
Monroe,PRECINCT 19,Supreme Court of Appeals,,,SABRINA STUTTS,9
Monroe,PRECINCT 21,Supreme Court of Appeals,,,SABRINA STUTTS,293
Monroe,PRECINCT 22,Supreme Court of Appeals,,,SABRINA STUTTS,118
Monroe,PRECINCT 24,Supreme Court of Appeals,,,SABRINA STUTTS,253
Monroe,PRECINCT 1,FOR CONSERVATION DISTRICT SUPERVISOR,,,CAROLYN JOY MILLER,7
Monroe,PRECINCT 2,FOR CONSERVATION DISTRICT SUPERVISOR,,,CAROLYN JOY MILLER,226
Monroe,PRECINCT 11,FOR CONSERVATION DISTRICT SUPERVISOR,,,CAROLYN JOY MILLER,135
Monroe,PRECINCT 14,FOR CONSERVATION DISTRICT SUPERVISOR,,,CAROLYN JOY MILLER,433
Monroe,PRECINCT 15,FOR CONSERVATION DISTRICT SUPERVISOR,,,CAROLYN JOY MILLER,234
Monroe,PRECINCT 17,FOR CONSERVATION DISTRICT SUPERVISOR,,,CAROLYN JOY MILLER,330
Monroe,PRECINCT 18,FOR CONSERVATION DISTRICT SUPERVISOR,,,CAROLYN JOY MILLER,42
Monroe,PRECINCT 19,FOR CONSERVATION DISTRICT SUPERVISOR,,,CAROLYN JOY MILLER,43
Monroe,PRECINCT 21,FOR CONSERVATION DISTRICT SUPERVISOR,,,CAROLYN JOY MILLER,428
Monroe,PRECINCT 22,FOR CONSERVATION DISTRICT SUPERVISOR,,,CAROLYN JOY MILLER,266
Monroe,PRECINCT 24,FOR CONSERVATION DISTRICT SUPERVISOR,,,CAROLYN JOY MILLER,327
Monroe,PRECINCT 1,Levy Question 1,,,For the Levies,6
Monroe,PRECINCT 2,Levy Question 1,,,For the Levies,201
Monroe,PRECINCT 11,Levy Question 1,,,For the Levies,122
Monroe,PRECINCT 14,Levy Question 1,,,For the Levies,425
Monroe,PRECINCT 15,Levy Question 1,,,For the Levies,200
Monroe,PRECINCT 17,Levy Question 1,,,For the Levies,365
Monroe,PRECINCT 18,Levy Question 1,,,For the Levies,39
Monroe,PRECINCT 19,Levy Question 1,,,For the Levies,32
Monroe,PRECINCT 21,Levy Question 1,,,For the Levies,437
Monroe,PRECINCT 22,Levy Question 1,,,For the Levies,256
Monroe,PRECINCT 24,Levy Question 1,,,For the Levies,337
Monroe,PRECINCT 1,Levy Question 1,,,Against the Levies,2
Monroe,PRECINCT 2,Levy Question 1,,,Against the Levies,76
Monroe,PRECINCT 11,Levy Question 1,,,Against the Levies,38
Monroe,PRECINCT 14,Levy Question 1,,,Against the Levies,109
Monroe,PRECINCT 15,Levy Question 1,,,Against the Levies,91
Monroe,PRECINCT 17,Levy Question 1,,,Against the Levies,84
Monroe,PRECINCT 18,Levy Question 1,,,Against the Levies,11
Monroe,PRECINCT 19,Levy Question 1,,,Against the Levies,16
Monroe,PRECINCT 21,Levy Question 1,,,Against the Levies,92
Monroe,PRECINCT 22,Levy Question 1,,,Against the Levies,73
Monroe,PRECINCT 24,Levy Question 1,,,Against the Levies,83
Monroe,PRECINCT 1,Levy Question 2,,,FOR THE LEVY,7
Monroe,PRECINCT 2,Levy Question 2,,,FOR THE LEVY,186
Monroe,PRECINCT 11,Levy Question 2,,,FOR THE LEVY,102
Monroe,PRECINCT 14,Levy Question 2,,,FOR THE LEVY,370
Monroe,PRECINCT 15,Levy Question 2,,,FOR THE LEVY,169
Monroe,PRECINCT 17,Levy Question 2,,,FOR THE LEVY,310
Monroe,PRECINCT 18,Levy Question 2,,,FOR THE LEVY,33
Monroe,PRECINCT 19,Levy Question 2,,,FOR THE LEVY,29
Monroe,PRECINCT 21,Levy Question 2,,,FOR THE LEVY,342
Monroe,PRECINCT 22,Levy Question 2,,,FOR THE LEVY,229
Monroe,PRECINCT 24,Levy Question 2,,,FOR THE LEVY,307
Monroe,PRECINCT 1,Levy Question 2,,,AGAINST THE LEVY,1
Monroe,PRECINCT 2,Levy Question 2,,,AGAINST THE LEVY,93
Monroe,PRECINCT 11,Levy Question 2,,,AGAINST THE LEVY,56
Monroe,PRECINCT 14,Levy Question 2,,,AGAINST THE LEVY,165
Monroe,PRECINCT 15,Levy Question 2,,,AGAINST THE LEVY,119
Monroe,PRECINCT 17,Levy Question 2,,,AGAINST THE LEVY,138
Monroe,PRECINCT 18,Levy Question 2,,,AGAINST THE LEVY,16
Monroe,PRECINCT 19,Levy Question 2,,,AGAINST THE LEVY,19
Monroe,PRECINCT 21,Levy Question 2,,,AGAINST THE LEVY,177
Monroe,PRECINCT 22,Levy Question 2,,,AGAINST THE LEVY,98
Monroe,PRECINCT 24,Levy Question 2,,,AGAINST THE LEVY,114
