county,precinct,office,district,party,candidate,votes
Hardy,PRECINCT 1A,BALLOTS CAST,,REP,BALLOTS CAST - REPUBLICAN,9
Hardy,PRECINCT 1B,BALLOTS CAST,,REP,BALLOTS CAST - REPUBLICAN,77
Hardy,PRECINCT 2A,BALLOTS CAST,,REP,BALLOTS CAST - REPUBLICAN,6
Hardy,PRECINCT 2B,BALLOTS CAST,,REP,BALLOTS CAST - REPUBLICAN,53
Hardy,PRECINCT 3,BALLOTS CAST,,REP,BALLOTS CAST - REPUBLICAN,62
Hardy,PRECINCT 5,BALLOTS CAST,,REP,BALLOTS CAST - REPUBLICAN,112
Hardy,PRECINCT 6,BALLOTS CAST,,REP,BALLOTS CAST - REPUBLICAN,113
Hardy,PRECINCT 7,BALLOTS CAST,,REP,BALLOTS CAST - REPUBLICAN,81
Hardy,PRECINCT 12,BALLOTS CAST,,REP,BALLOTS CAST - REPUBLICAN,100
Hardy,PRECINCT 13,BALLOTS CAST,,REP,BALLOTS CAST - REPUBLICAN,90
Hardy,PRECINCT 14,BALLOTS CAST,,REP,BALLOTS CAST - REPUBLICAN,71
Hardy,PRECINCT 15,BALLOTS CAST,,REP,BALLOTS CAST - REPUBLICAN,60
Hardy,PRECINCT 16,BALLOTS CAST,,REP,BALLOTS CAST - REPUBLICAN,186
Hardy,PRECINCT 18,BALLOTS CAST,,REP,BALLOTS CAST - REPUBLICAN,141
Hardy,PRECINCT 19,BALLOTS CAST,,REP,BALLOTS CAST - REPUBLICAN,131
Hardy,PRECINCT 20,BALLOTS CAST,,REP,BALLOTS CAST - REPUBLICAN,44
Hardy,PRECINCT 1A,BALLOTS CAST,,DEM,BALLOTS CAST - DEMOCRATIC,10
Hardy,PRECINCT 1B,BALLOTS CAST,,DEM,BALLOTS CAST - DEMOCRATIC,58
Hardy,PRECINCT 2A,BALLOTS CAST,,DEM,BALLOTS CAST - DEMOCRATIC,7
Hardy,PRECINCT 2B,BALLOTS CAST,,DEM,BALLOTS CAST - DEMOCRATIC,44
Hardy,PRECINCT 3,BALLOTS CAST,,DEM,BALLOTS CAST - DEMOCRATIC,21
Hardy,PRECINCT 5,BALLOTS CAST,,DEM,BALLOTS CAST - DEMOCRATIC,124
Hardy,PRECINCT 6,BALLOTS CAST,,DEM,BALLOTS CAST - DEMOCRATIC,50
Hardy,PRECINCT 7,BALLOTS CAST,,DEM,BALLOTS CAST - DEMOCRATIC,42
Hardy,PRECINCT 12,BALLOTS CAST,,DEM,BALLOTS CAST - DEMOCRATIC,89
Hardy,PRECINCT 13,BALLOTS CAST,,DEM,BALLOTS CAST - DEMOCRATIC,77
Hardy,PRECINCT 14,BALLOTS CAST,,DEM,BALLOTS CAST - DEMOCRATIC,89
Hardy,PRECINCT 15,BALLOTS CAST,,DEM,BALLOTS CAST - DEMOCRATIC,40
Hardy,PRECINCT 16,BALLOTS CAST,,DEM,BALLOTS CAST - DEMOCRATIC,172
Hardy,PRECINCT 18,BALLOTS CAST,,DEM,BALLOTS CAST - DEMOCRATIC,74
Hardy,PRECINCT 19,BALLOTS CAST,,DEM,BALLOTS CAST - DEMOCRATIC,101
Hardy,PRECINCT 20,BALLOTS CAST,,DEM,BALLOTS CAST - DEMOCRATIC,31
Hardy,PRECINCT 1A,BALLOTS CAST,,,BALLOTS CAST - NONPARTISAN,5
Hardy,PRECINCT 1B,BALLOTS CAST,,,BALLOTS CAST - NONPARTISAN,22
Hardy,PRECINCT 2A,BALLOTS CAST,,,BALLOTS CAST - NONPARTISAN,3
Hardy,PRECINCT 2B,BALLOTS CAST,,,BALLOTS CAST - NONPARTISAN,16
Hardy,PRECINCT 3,BALLOTS CAST,,,BALLOTS CAST - NONPARTISAN,17
Hardy,PRECINCT 5,BALLOTS CAST,,,BALLOTS CAST - NONPARTISAN,40
Hardy,PRECINCT 6,BALLOTS CAST,,,BALLOTS CAST - NONPARTISAN,33
Hardy,PRECINCT 7,BALLOTS CAST,,,BALLOTS CAST - NONPARTISAN,28
Hardy,PRECINCT 12,BALLOTS CAST,,,BALLOTS CAST - NONPARTISAN,28
Hardy,PRECINCT 13,BALLOTS CAST,,,BALLOTS CAST - NONPARTISAN,24
Hardy,PRECINCT 14,BALLOTS CAST,,,BALLOTS CAST - NONPARTISAN,16
Hardy,PRECINCT 15,BALLOTS CAST,,,BALLOTS CAST - NONPARTISAN,22
Hardy,PRECINCT 16,BALLOTS CAST,,,BALLOTS CAST - NONPARTISAN,63
Hardy,PRECINCT 18,BALLOTS CAST,,,BALLOTS CAST - NONPARTISAN,20
Hardy,PRECINCT 19,BALLOTS CAST,,,BALLOTS CAST - NONPARTISAN,35
Hardy,PRECINCT 20,BALLOTS CAST,,,BALLOTS CAST - NONPARTISAN,10
Hardy,PRECINCT 1A,U.S. Senate,,REP,TOM WILLIS,2
Hardy,PRECINCT 1B,U.S. Senate,,REP,TOM WILLIS,15
Hardy,PRECINCT 2A,U.S. Senate,,REP,TOM WILLIS,4
Hardy,PRECINCT 2B,U.S. Senate,,REP,TOM WILLIS,8
Hardy,PRECINCT 3,U.S. Senate,,REP,TOM WILLIS,13
Hardy,PRECINCT 5,U.S. Senate,,REP,TOM WILLIS,26
Hardy,PRECINCT 6,U.S. Senate,,REP,TOM WILLIS,16
Hardy,PRECINCT 7,U.S. Senate,,REP,TOM WILLIS,2
Hardy,PRECINCT 12,U.S. Senate,,REP,TOM WILLIS,12
Hardy,PRECINCT 13,U.S. Senate,,REP,TOM WILLIS,10
Hardy,PRECINCT 14,U.S. Senate,,REP,TOM WILLIS,7
Hardy,PRECINCT 15,U.S. Senate,,REP,TOM WILLIS,16
Hardy,PRECINCT 16,U.S. Senate,,REP,TOM WILLIS,37
Hardy,PRECINCT 18,U.S. Senate,,REP,TOM WILLIS,16
Hardy,PRECINCT 19,U.S. Senate,,REP,TOM WILLIS,19
Hardy,PRECINCT 20,U.S. Senate,,REP,TOM WILLIS,15
Hardy,PRECINCT 1A,U.S. Senate,,REP,DAVID PURKEY,0
Hardy,PRECINCT 1B,U.S. Senate,,REP,DAVID PURKEY,0
Hardy,PRECINCT 2A,U.S. Senate,,REP,DAVID PURKEY,0
Hardy,PRECINCT 2B,U.S. Senate,,REP,DAVID PURKEY,1
Hardy,PRECINCT 3,U.S. Senate,,REP,DAVID PURKEY,1
Hardy,PRECINCT 5,U.S. Senate,,REP,DAVID PURKEY,5
Hardy,PRECINCT 6,U.S. Senate,,REP,DAVID PURKEY,2
Hardy,PRECINCT 7,U.S. Senate,,REP,DAVID PURKEY,2
Hardy,PRECINCT 12,U.S. Senate,,REP,DAVID PURKEY,4
Hardy,PRECINCT 13,U.S. Senate,,REP,DAVID PURKEY,4
Hardy,PRECINCT 14,U.S. Senate,,REP,DAVID PURKEY,1
Hardy,PRECINCT 15,U.S. Senate,,REP,DAVID PURKEY,1
Hardy,PRECINCT 16,U.S. Senate,,REP,DAVID PURKEY,6
Hardy,PRECINCT 18,U.S. Senate,,REP,DAVID PURKEY,6
Hardy,PRECINCT 19,U.S. Senate,,REP,DAVID PURKEY,5
Hardy,PRECINCT 20,U.S. Senate,,REP,DAVID PURKEY,1
Hardy,PRECINCT 1A,U.S. Senate,,REP,JANET McNULTY,0
Hardy,PRECINCT 1B,U.S. Senate,,REP,JANET McNULTY,1
Hardy,PRECINCT 2A,U.S. Senate,,REP,JANET McNULTY,0
Hardy,PRECINCT 2B,U.S. Senate,,REP,JANET McNULTY,4
Hardy,PRECINCT 3,U.S. Senate,,REP,JANET McNULTY,2
Hardy,PRECINCT 5,U.S. Senate,,REP,JANET McNULTY,1
Hardy,PRECINCT 6,U.S. Senate,,REP,JANET McNULTY,4
Hardy,PRECINCT 7,U.S. Senate,,REP,JANET McNULTY,4
Hardy,PRECINCT 12,U.S. Senate,,REP,JANET McNULTY,3
Hardy,PRECINCT 13,U.S. Senate,,REP,JANET McNULTY,3
Hardy,PRECINCT 14,U.S. Senate,,REP,JANET McNULTY,4
Hardy,PRECINCT 15,U.S. Senate,,REP,JANET McNULTY,3
Hardy,PRECINCT 16,U.S. Senate,,REP,JANET McNULTY,3
Hardy,PRECINCT 18,U.S. Senate,,REP,JANET McNULTY,2
Hardy,PRECINCT 19,U.S. Senate,,REP,JANET McNULTY,6
Hardy,PRECINCT 20,U.S. Senate,,REP,JANET McNULTY,1
Hardy,PRECINCT 1A,U.S. Senate,,REP,BRYAN McKINNEY,1
Hardy,PRECINCT 1B,U.S. Senate,,REP,BRYAN McKINNEY,9
Hardy,PRECINCT 2A,U.S. Senate,,REP,BRYAN McKINNEY,0
Hardy,PRECINCT 2B,U.S. Senate,,REP,BRYAN McKINNEY,5
Hardy,PRECINCT 3,U.S. Senate,,REP,BRYAN McKINNEY,7
Hardy,PRECINCT 5,U.S. Senate,,REP,BRYAN McKINNEY,9
Hardy,PRECINCT 6,U.S. Senate,,REP,BRYAN McKINNEY,6
Hardy,PRECINCT 7,U.S. Senate,,REP,BRYAN McKINNEY,6
Hardy,PRECINCT 12,U.S. Senate,,REP,BRYAN McKINNEY,8
Hardy,PRECINCT 13,U.S. Senate,,REP,BRYAN McKINNEY,1
Hardy,PRECINCT 14,U.S. Senate,,REP,BRYAN McKINNEY,4
Hardy,PRECINCT 15,U.S. Senate,,REP,BRYAN McKINNEY,3
Hardy,PRECINCT 16,U.S. Senate,,REP,BRYAN McKINNEY,13
Hardy,PRECINCT 18,U.S. Senate,,REP,BRYAN McKINNEY,5
Hardy,PRECINCT 19,U.S. Senate,,REP,BRYAN McKINNEY,7
Hardy,PRECINCT 20,U.S. Senate,,REP,BRYAN McKINNEY,3
Hardy,PRECINCT 1A,U.S. Senate,,REP,SHELLEY MOORE CAPITO,4
Hardy,PRECINCT 1B,U.S. Senate,,REP,SHELLEY MOORE CAPITO,48
Hardy,PRECINCT 2A,U.S. Senate,,REP,SHELLEY MOORE CAPITO,2
Hardy,PRECINCT 2B,U.S. Senate,,REP,SHELLEY MOORE CAPITO,28
Hardy,PRECINCT 3,U.S. Senate,,REP,SHELLEY MOORE CAPITO,36
Hardy,PRECINCT 5,U.S. Senate,,REP,SHELLEY MOORE CAPITO,58
Hardy,PRECINCT 6,U.S. Senate,,REP,SHELLEY MOORE CAPITO,77
Hardy,PRECINCT 7,U.S. Senate,,REP,SHELLEY MOORE CAPITO,60
Hardy,PRECINCT 12,U.S. Senate,,REP,SHELLEY MOORE CAPITO,66
Hardy,PRECINCT 13,U.S. Senate,,REP,SHELLEY MOORE CAPITO,66
Hardy,PRECINCT 14,U.S. Senate,,REP,SHELLEY MOORE CAPITO,48
Hardy,PRECINCT 15,U.S. Senate,,REP,SHELLEY MOORE CAPITO,31
Hardy,PRECINCT 16,U.S. Senate,,REP,SHELLEY MOORE CAPITO,108
Hardy,PRECINCT 18,U.S. Senate,,REP,SHELLEY MOORE CAPITO,106
Hardy,PRECINCT 19,U.S. Senate,,REP,SHELLEY MOORE CAPITO,76
Hardy,PRECINCT 20,U.S. Senate,,REP,SHELLEY MOORE CAPITO,20
Hardy,PRECINCT 1A,U.S. Senate,,REP,ALEXANDER GAASERUD,1
Hardy,PRECINCT 1B,U.S. Senate,,REP,ALEXANDER GAASERUD,2
Hardy,PRECINCT 2A,U.S. Senate,,REP,ALEXANDER GAASERUD,0
Hardy,PRECINCT 2B,U.S. Senate,,REP,ALEXANDER GAASERUD,0
Hardy,PRECINCT 3,U.S. Senate,,REP,ALEXANDER GAASERUD,1
Hardy,PRECINCT 5,U.S. Senate,,REP,ALEXANDER GAASERUD,0
Hardy,PRECINCT 6,U.S. Senate,,REP,ALEXANDER GAASERUD,1
Hardy,PRECINCT 7,U.S. Senate,,REP,ALEXANDER GAASERUD,1
Hardy,PRECINCT 12,U.S. Senate,,REP,ALEXANDER GAASERUD,1
Hardy,PRECINCT 13,U.S. Senate,,REP,ALEXANDER GAASERUD,1
Hardy,PRECINCT 14,U.S. Senate,,REP,ALEXANDER GAASERUD,3
Hardy,PRECINCT 15,U.S. Senate,,REP,ALEXANDER GAASERUD,1
Hardy,PRECINCT 16,U.S. Senate,,REP,ALEXANDER GAASERUD,2
Hardy,PRECINCT 18,U.S. Senate,,REP,ALEXANDER GAASERUD,2
Hardy,PRECINCT 19,U.S. Senate,,REP,ALEXANDER GAASERUD,3
Hardy,PRECINCT 20,U.S. Senate,,REP,ALEXANDER GAASERUD,1
Hardy,PRECINCT 1A,U.S. Senate,,DEM,RACHEL FETTY ANDERSON,4
Hardy,PRECINCT 1B,U.S. Senate,,DEM,RACHEL FETTY ANDERSON,23
Hardy,PRECINCT 2A,U.S. Senate,,DEM,RACHEL FETTY ANDERSON,3
Hardy,PRECINCT 2B,U.S. Senate,,DEM,RACHEL FETTY ANDERSON,14
Hardy,PRECINCT 3,U.S. Senate,,DEM,RACHEL FETTY ANDERSON,7
Hardy,PRECINCT 5,U.S. Senate,,DEM,RACHEL FETTY ANDERSON,40
Hardy,PRECINCT 6,U.S. Senate,,DEM,RACHEL FETTY ANDERSON,17
Hardy,PRECINCT 7,U.S. Senate,,DEM,RACHEL FETTY ANDERSON,15
Hardy,PRECINCT 12,U.S. Senate,,DEM,RACHEL FETTY ANDERSON,34
Hardy,PRECINCT 13,U.S. Senate,,DEM,RACHEL FETTY ANDERSON,18
Hardy,PRECINCT 14,U.S. Senate,,DEM,RACHEL FETTY ANDERSON,37
Hardy,PRECINCT 15,U.S. Senate,,DEM,RACHEL FETTY ANDERSON,13
Hardy,PRECINCT 16,U.S. Senate,,DEM,RACHEL FETTY ANDERSON,66
Hardy,PRECINCT 18,U.S. Senate,,DEM,RACHEL FETTY ANDERSON,26
Hardy,PRECINCT 19,U.S. Senate,,DEM,RACHEL FETTY ANDERSON,38
Hardy,PRECINCT 20,U.S. Senate,,DEM,RACHEL FETTY ANDERSON,8
Hardy,PRECINCT 1A,U.S. Senate,,DEM,THORNTON COOPER,0
Hardy,PRECINCT 1B,U.S. Senate,,DEM,THORNTON COOPER,1
Hardy,PRECINCT 2A,U.S. Senate,,DEM,THORNTON COOPER,0
Hardy,PRECINCT 2B,U.S. Senate,,DEM,THORNTON COOPER,1
Hardy,PRECINCT 3,U.S. Senate,,DEM,THORNTON COOPER,2
Hardy,PRECINCT 5,U.S. Senate,,DEM,THORNTON COOPER,7
Hardy,PRECINCT 6,U.S. Senate,,DEM,THORNTON COOPER,8
Hardy,PRECINCT 7,U.S. Senate,,DEM,THORNTON COOPER,1
Hardy,PRECINCT 12,U.S. Senate,,DEM,THORNTON COOPER,7
Hardy,PRECINCT 13,U.S. Senate,,DEM,THORNTON COOPER,2
Hardy,PRECINCT 14,U.S. Senate,,DEM,THORNTON COOPER,9
Hardy,PRECINCT 15,U.S. Senate,,DEM,THORNTON COOPER,8
Hardy,PRECINCT 16,U.S. Senate,,DEM,THORNTON COOPER,7
Hardy,PRECINCT 18,U.S. Senate,,DEM,THORNTON COOPER,2
Hardy,PRECINCT 19,U.S. Senate,,DEM,THORNTON COOPER,6
Hardy,PRECINCT 20,U.S. Senate,,DEM,THORNTON COOPER,3
Hardy,PRECINCT 1A,U.S. Senate,,DEM,JEFFREY V. KESSLER,2
Hardy,PRECINCT 1B,U.S. Senate,,DEM,JEFFREY V. KESSLER,18
Hardy,PRECINCT 2A,U.S. Senate,,DEM,JEFFREY V. KESSLER,1
Hardy,PRECINCT 2B,U.S. Senate,,DEM,JEFFREY V. KESSLER,17
Hardy,PRECINCT 3,U.S. Senate,,DEM,JEFFREY V. KESSLER,5
Hardy,PRECINCT 5,U.S. Senate,,DEM,JEFFREY V. KESSLER,21
Hardy,PRECINCT 6,U.S. Senate,,DEM,JEFFREY V. KESSLER,10
Hardy,PRECINCT 7,U.S. Senate,,DEM,JEFFREY V. KESSLER,12
Hardy,PRECINCT 12,U.S. Senate,,DEM,JEFFREY V. KESSLER,10
Hardy,PRECINCT 13,U.S. Senate,,DEM,JEFFREY V. KESSLER,19
Hardy,PRECINCT 14,U.S. Senate,,DEM,JEFFREY V. KESSLER,12
Hardy,PRECINCT 15,U.S. Senate,,DEM,JEFFREY V. KESSLER,6
Hardy,PRECINCT 16,U.S. Senate,,DEM,JEFFREY V. KESSLER,28
Hardy,PRECINCT 18,U.S. Senate,,DEM,JEFFREY V. KESSLER,16
Hardy,PRECINCT 19,U.S. Senate,,DEM,JEFFREY V. KESSLER,13
Hardy,PRECINCT 20,U.S. Senate,,DEM,JEFFREY V. KESSLER,5
Hardy,PRECINCT 1A,U.S. Senate,,DEM,ZACHARY SHREWSBURY,0
Hardy,PRECINCT 1B,U.S. Senate,,DEM,ZACHARY SHREWSBURY,7
Hardy,PRECINCT 2A,U.S. Senate,,DEM,ZACHARY SHREWSBURY,1
Hardy,PRECINCT 2B,U.S. Senate,,DEM,ZACHARY SHREWSBURY,4
Hardy,PRECINCT 3,U.S. Senate,,DEM,ZACHARY SHREWSBURY,2
Hardy,PRECINCT 5,U.S. Senate,,DEM,ZACHARY SHREWSBURY,19
Hardy,PRECINCT 6,U.S. Senate,,DEM,ZACHARY SHREWSBURY,3
Hardy,PRECINCT 7,U.S. Senate,,DEM,ZACHARY SHREWSBURY,3
Hardy,PRECINCT 12,U.S. Senate,,DEM,ZACHARY SHREWSBURY,5
Hardy,PRECINCT 13,U.S. Senate,,DEM,ZACHARY SHREWSBURY,9
Hardy,PRECINCT 14,U.S. Senate,,DEM,ZACHARY SHREWSBURY,9
Hardy,PRECINCT 15,U.S. Senate,,DEM,ZACHARY SHREWSBURY,5
Hardy,PRECINCT 16,U.S. Senate,,DEM,ZACHARY SHREWSBURY,15
Hardy,PRECINCT 18,U.S. Senate,,DEM,ZACHARY SHREWSBURY,6
Hardy,PRECINCT 19,U.S. Senate,,DEM,ZACHARY SHREWSBURY,5
Hardy,PRECINCT 20,U.S. Senate,,DEM,ZACHARY SHREWSBURY,3
Hardy,PRECINCT 1A,U.S. Senate,,DEM,RIO PHILLIPS,1
Hardy,PRECINCT 1B,U.S. Senate,,DEM,RIO PHILLIPS,0
Hardy,PRECINCT 2A,U.S. Senate,,DEM,RIO PHILLIPS,1
Hardy,PRECINCT 2B,U.S. Senate,,DEM,RIO PHILLIPS,2
Hardy,PRECINCT 3,U.S. Senate,,DEM,RIO PHILLIPS,2
Hardy,PRECINCT 5,U.S. Senate,,DEM,RIO PHILLIPS,9
Hardy,PRECINCT 6,U.S. Senate,,DEM,RIO PHILLIPS,3
Hardy,PRECINCT 7,U.S. Senate,,DEM,RIO PHILLIPS,3
Hardy,PRECINCT 12,U.S. Senate,,DEM,RIO PHILLIPS,12
Hardy,PRECINCT 13,U.S. Senate,,DEM,RIO PHILLIPS,6
Hardy,PRECINCT 14,U.S. Senate,,DEM,RIO PHILLIPS,7
Hardy,PRECINCT 15,U.S. Senate,,DEM,RIO PHILLIPS,3
Hardy,PRECINCT 16,U.S. Senate,,DEM,RIO PHILLIPS,13
Hardy,PRECINCT 18,U.S. Senate,,DEM,RIO PHILLIPS,1
Hardy,PRECINCT 19,U.S. Senate,,DEM,RIO PHILLIPS,8
Hardy,PRECINCT 20,U.S. Senate,,DEM,RIO PHILLIPS,0
Hardy,PRECINCT 1A,U.S. House,2,REP,RILEY MOORE,6
Hardy,PRECINCT 1B,U.S. House,2,REP,RILEY MOORE,58
Hardy,PRECINCT 2A,U.S. House,2,REP,RILEY MOORE,5
Hardy,PRECINCT 2B,U.S. House,2,REP,RILEY MOORE,35
Hardy,PRECINCT 3,U.S. House,2,REP,RILEY MOORE,43
Hardy,PRECINCT 5,U.S. House,2,REP,RILEY MOORE,69
Hardy,PRECINCT 6,U.S. House,2,REP,RILEY MOORE,82
Hardy,PRECINCT 7,U.S. House,2,REP,RILEY MOORE,54
Hardy,PRECINCT 12,U.S. House,2,REP,RILEY MOORE,63
Hardy,PRECINCT 13,U.S. House,2,REP,RILEY MOORE,66
Hardy,PRECINCT 14,U.S. House,2,REP,RILEY MOORE,54
Hardy,PRECINCT 15,U.S. House,2,REP,RILEY MOORE,40
Hardy,PRECINCT 16,U.S. House,2,REP,RILEY MOORE,117
Hardy,PRECINCT 18,U.S. House,2,REP,RILEY MOORE,91
Hardy,PRECINCT 19,U.S. House,2,REP,RILEY MOORE,87
Hardy,PRECINCT 20,U.S. House,2,REP,RILEY MOORE,27
Hardy,PRECINCT 1A,U.S. House,2,DEM,ACE PARSI,0
Hardy,PRECINCT 1B,U.S. House,2,DEM,ACE PARSI,5
Hardy,PRECINCT 2A,U.S. House,2,DEM,ACE PARSI,1
Hardy,PRECINCT 2B,U.S. House,2,DEM,ACE PARSI,3
Hardy,PRECINCT 3,U.S. House,2,DEM,ACE PARSI,2
Hardy,PRECINCT 5,U.S. House,2,DEM,ACE PARSI,12
Hardy,PRECINCT 6,U.S. House,2,DEM,ACE PARSI,3
Hardy,PRECINCT 7,U.S. House,2,DEM,ACE PARSI,4
Hardy,PRECINCT 12,U.S. House,2,DEM,ACE PARSI,7
Hardy,PRECINCT 13,U.S. House,2,DEM,ACE PARSI,5
Hardy,PRECINCT 14,U.S. House,2,DEM,ACE PARSI,11
Hardy,PRECINCT 15,U.S. House,2,DEM,ACE PARSI,4
Hardy,PRECINCT 16,U.S. House,2,DEM,ACE PARSI,16
Hardy,PRECINCT 18,U.S. House,2,DEM,ACE PARSI,5
Hardy,PRECINCT 19,U.S. House,2,DEM,ACE PARSI,7
Hardy,PRECINCT 20,U.S. House,2,DEM,ACE PARSI,3
Hardy,PRECINCT 1A,U.S. House,2,DEM,STEPHANIE SPEARS TOMANA,0
Hardy,PRECINCT 1B,U.S. House,2,DEM,STEPHANIE SPEARS TOMANA,6
Hardy,PRECINCT 2A,U.S. House,2,DEM,STEPHANIE SPEARS TOMANA,1
Hardy,PRECINCT 2B,U.S. House,2,DEM,STEPHANIE SPEARS TOMANA,2
Hardy,PRECINCT 3,U.S. House,2,DEM,STEPHANIE SPEARS TOMANA,2
Hardy,PRECINCT 5,U.S. House,2,DEM,STEPHANIE SPEARS TOMANA,11
Hardy,PRECINCT 6,U.S. House,2,DEM,STEPHANIE SPEARS TOMANA,4
Hardy,PRECINCT 7,U.S. House,2,DEM,STEPHANIE SPEARS TOMANA,5
Hardy,PRECINCT 12,U.S. House,2,DEM,STEPHANIE SPEARS TOMANA,10
Hardy,PRECINCT 13,U.S. House,2,DEM,STEPHANIE SPEARS TOMANA,1
Hardy,PRECINCT 14,U.S. House,2,DEM,STEPHANIE SPEARS TOMANA,6
Hardy,PRECINCT 15,U.S. House,2,DEM,STEPHANIE SPEARS TOMANA,1
Hardy,PRECINCT 16,U.S. House,2,DEM,STEPHANIE SPEARS TOMANA,13
Hardy,PRECINCT 18,U.S. House,2,DEM,STEPHANIE SPEARS TOMANA,2
Hardy,PRECINCT 19,U.S. House,2,DEM,STEPHANIE SPEARS TOMANA,9
Hardy,PRECINCT 20,U.S. House,2,DEM,STEPHANIE SPEARS TOMANA,1
Hardy,PRECINCT 1A,U.S. House,2,DEM,STEVEN WENDELIN,8
Hardy,PRECINCT 1B,U.S. House,2,DEM,STEVEN WENDELIN,39
Hardy,PRECINCT 2A,U.S. House,2,DEM,STEVEN WENDELIN,4
Hardy,PRECINCT 2B,U.S. House,2,DEM,STEVEN WENDELIN,34
Hardy,PRECINCT 3,U.S. House,2,DEM,STEVEN WENDELIN,16
Hardy,PRECINCT 5,U.S. House,2,DEM,STEVEN WENDELIN,82
Hardy,PRECINCT 6,U.S. House,2,DEM,STEVEN WENDELIN,37
Hardy,PRECINCT 7,U.S. House,2,DEM,STEVEN WENDELIN,28
Hardy,PRECINCT 12,U.S. House,2,DEM,STEVEN WENDELIN,56
Hardy,PRECINCT 13,U.S. House,2,DEM,STEVEN WENDELIN,44
Hardy,PRECINCT 14,U.S. House,2,DEM,STEVEN WENDELIN,63
Hardy,PRECINCT 15,U.S. House,2,DEM,STEVEN WENDELIN,30
Hardy,PRECINCT 16,U.S. House,2,DEM,STEVEN WENDELIN,111
Hardy,PRECINCT 18,U.S. House,2,DEM,STEVEN WENDELIN,51
Hardy,PRECINCT 19,U.S. House,2,DEM,STEVEN WENDELIN,69
Hardy,PRECINCT 20,U.S. House,2,DEM,STEVEN WENDELIN,16
Hardy,PRECINCT 1A,State Senate,14,REP,MIKE MANYPENNY,0
Hardy,PRECINCT 1B,State Senate,14,REP,MIKE MANYPENNY,6
Hardy,PRECINCT 2A,State Senate,14,REP,MIKE MANYPENNY,0
Hardy,PRECINCT 2B,State Senate,14,REP,MIKE MANYPENNY,0
Hardy,PRECINCT 3,State Senate,14,REP,MIKE MANYPENNY,2
Hardy,PRECINCT 5,State Senate,14,REP,MIKE MANYPENNY,2
Hardy,PRECINCT 6,State Senate,14,REP,MIKE MANYPENNY,5
Hardy,PRECINCT 7,State Senate,14,REP,MIKE MANYPENNY,2
Hardy,PRECINCT 12,State Senate,14,REP,MIKE MANYPENNY,9
Hardy,PRECINCT 13,State Senate,14,REP,MIKE MANYPENNY,4
Hardy,PRECINCT 14,State Senate,14,REP,MIKE MANYPENNY,3
Hardy,PRECINCT 15,State Senate,14,REP,MIKE MANYPENNY,3
Hardy,PRECINCT 16,State Senate,14,REP,MIKE MANYPENNY,6
Hardy,PRECINCT 18,State Senate,14,REP,MIKE MANYPENNY,3
Hardy,PRECINCT 19,State Senate,14,REP,MIKE MANYPENNY,0
Hardy,PRECINCT 20,State Senate,14,REP,MIKE MANYPENNY,1
Hardy,PRECINCT 1A,State Senate,14,REP,JAY TAYLOR,1
Hardy,PRECINCT 1B,State Senate,14,REP,JAY TAYLOR,24
Hardy,PRECINCT 2A,State Senate,14,REP,JAY TAYLOR,0
Hardy,PRECINCT 2B,State Senate,14,REP,JAY TAYLOR,13
Hardy,PRECINCT 3,State Senate,14,REP,JAY TAYLOR,19
Hardy,PRECINCT 5,State Senate,14,REP,JAY TAYLOR,32
Hardy,PRECINCT 6,State Senate,14,REP,JAY TAYLOR,39
Hardy,PRECINCT 7,State Senate,14,REP,JAY TAYLOR,25
Hardy,PRECINCT 12,State Senate,14,REP,JAY TAYLOR,20
Hardy,PRECINCT 13,State Senate,14,REP,JAY TAYLOR,19
Hardy,PRECINCT 14,State Senate,14,REP,JAY TAYLOR,16
Hardy,PRECINCT 15,State Senate,14,REP,JAY TAYLOR,16
Hardy,PRECINCT 16,State Senate,14,REP,JAY TAYLOR,51
Hardy,PRECINCT 18,State Senate,14,REP,JAY TAYLOR,38
Hardy,PRECINCT 19,State Senate,14,REP,JAY TAYLOR,43
Hardy,PRECINCT 20,State Senate,14,REP,JAY TAYLOR,11
Hardy,PRECINCT 1A,State Senate,14,REP,MARC HARMAN,8
Hardy,PRECINCT 1B,State Senate,14,REP,MARC HARMAN,43
Hardy,PRECINCT 2A,State Senate,14,REP,MARC HARMAN,6
Hardy,PRECINCT 2B,State Senate,14,REP,MARC HARMAN,30
Hardy,PRECINCT 3,State Senate,14,REP,MARC HARMAN,35
Hardy,PRECINCT 5,State Senate,14,REP,MARC HARMAN,58
Hardy,PRECINCT 6,State Senate,14,REP,MARC HARMAN,60
Hardy,PRECINCT 7,State Senate,14,REP,MARC HARMAN,37
Hardy,PRECINCT 12,State Senate,14,REP,MARC HARMAN,55
Hardy,PRECINCT 13,State Senate,14,REP,MARC HARMAN,56
Hardy,PRECINCT 14,State Senate,14,REP,MARC HARMAN,44
Hardy,PRECINCT 15,State Senate,14,REP,MARC HARMAN,33
Hardy,PRECINCT 16,State Senate,14,REP,MARC HARMAN,105
Hardy,PRECINCT 18,State Senate,14,REP,MARC HARMAN,85
Hardy,PRECINCT 19,State Senate,14,REP,MARC HARMAN,70
Hardy,PRECINCT 20,State Senate,14,REP,MARC HARMAN,28
Hardy,PRECINCT 1A,State Senate,14,DEM,JASON ARMENTROUT,7
Hardy,PRECINCT 1B,State Senate,14,DEM,JASON ARMENTROUT,39
Hardy,PRECINCT 2A,State Senate,14,DEM,JASON ARMENTROUT,6
Hardy,PRECINCT 2B,State Senate,14,DEM,JASON ARMENTROUT,32
Hardy,PRECINCT 3,State Senate,14,DEM,JASON ARMENTROUT,18
Hardy,PRECINCT 5,State Senate,14,DEM,JASON ARMENTROUT,81
Hardy,PRECINCT 6,State Senate,14,DEM,JASON ARMENTROUT,32
Hardy,PRECINCT 7,State Senate,14,DEM,JASON ARMENTROUT,24
Hardy,PRECINCT 12,State Senate,14,DEM,JASON ARMENTROUT,61
Hardy,PRECINCT 13,State Senate,14,DEM,JASON ARMENTROUT,40
Hardy,PRECINCT 14,State Senate,14,DEM,JASON ARMENTROUT,59
Hardy,PRECINCT 15,State Senate,14,DEM,JASON ARMENTROUT,29
Hardy,PRECINCT 16,State Senate,14,DEM,JASON ARMENTROUT,100
Hardy,PRECINCT 18,State Senate,14,DEM,JASON ARMENTROUT,36
Hardy,PRECINCT 19,State Senate,14,DEM,JASON ARMENTROUT,58
Hardy,PRECINCT 20,State Senate,14,DEM,JASON ARMENTROUT,13
Hardy,PRECINCT 1A,State House,86,REP,STEVEN SCHETROM,7
Hardy,PRECINCT 1B,State House,86,REP,STEVEN SCHETROM,69
Hardy,PRECINCT 2A,State House,86,REP,STEVEN SCHETROM,6
Hardy,PRECINCT 2B,State House,86,REP,STEVEN SCHETROM,43
Hardy,PRECINCT 3,State House,86,REP,STEVEN SCHETROM,54
Hardy,PRECINCT 5,State House,86,REP,STEVEN SCHETROM,89
Hardy,PRECINCT 6,State House,86,REP,STEVEN SCHETROM,93
Hardy,PRECINCT 7,State House,86,REP,STEVEN SCHETROM,72
Hardy,PRECINCT 12,State House,86,REP,STEVEN SCHETROM,76
Hardy,PRECINCT 13,State House,86,REP,STEVEN SCHETROM,63
Hardy,PRECINCT 14,State House,86,REP,STEVEN SCHETROM,54
Hardy,PRECINCT 15,State House,86,REP,STEVEN SCHETROM,50
Hardy,PRECINCT 16,State House,86,REP,STEVEN SCHETROM,122
Hardy,PRECINCT 18,State House,86,REP,STEVEN SCHETROM,108
Hardy,PRECINCT 19,State House,86,REP,STEVEN SCHETROM,103
Hardy,PRECINCT 20,State House,86,REP,STEVEN SCHETROM,33
Hardy,PRECINCT 1A,State House,86,DEM,BETSY ORNDOFF-SAYERS,9
Hardy,PRECINCT 1B,State House,86,DEM,BETSY ORNDOFF-SAYERS,43
Hardy,PRECINCT 2A,State House,86,DEM,BETSY ORNDOFF-SAYERS,6
Hardy,PRECINCT 2B,State House,86,DEM,BETSY ORNDOFF-SAYERS,27
Hardy,PRECINCT 3,State House,86,DEM,BETSY ORNDOFF-SAYERS,19
Hardy,PRECINCT 5,State House,86,DEM,BETSY ORNDOFF-SAYERS,100
Hardy,PRECINCT 6,State House,86,DEM,BETSY ORNDOFF-SAYERS,42
Hardy,PRECINCT 7,State House,86,DEM,BETSY ORNDOFF-SAYERS,36
Hardy,PRECINCT 12,State House,86,DEM,BETSY ORNDOFF-SAYERS,68
Hardy,PRECINCT 13,State House,86,DEM,BETSY ORNDOFF-SAYERS,52
Hardy,PRECINCT 14,State House,86,DEM,BETSY ORNDOFF-SAYERS,64
Hardy,PRECINCT 15,State House,86,DEM,BETSY ORNDOFF-SAYERS,27
Hardy,PRECINCT 16,State House,86,DEM,BETSY ORNDOFF-SAYERS,121
Hardy,PRECINCT 18,State House,86,DEM,BETSY ORNDOFF-SAYERS,56
Hardy,PRECINCT 19,State House,86,DEM,BETSY ORNDOFF-SAYERS,68
Hardy,PRECINCT 20,State House,86,DEM,BETSY ORNDOFF-SAYERS,17
Hardy,PRECINCT 1A,STATE EXECUTIVE COMMITTEE,14,REP,LINDA C. HUGGINS,4
Hardy,PRECINCT 1B,STATE EXECUTIVE COMMITTEE,14,REP,LINDA C. HUGGINS,18
Hardy,PRECINCT 2A,STATE EXECUTIVE COMMITTEE,14,REP,LINDA C. HUGGINS,2
Hardy,PRECINCT 2B,STATE EXECUTIVE COMMITTEE,14,REP,LINDA C. HUGGINS,8
Hardy,PRECINCT 3,STATE EXECUTIVE COMMITTEE,14,REP,LINDA C. HUGGINS,5
Hardy,PRECINCT 5,STATE EXECUTIVE COMMITTEE,14,REP,LINDA C. HUGGINS,13
Hardy,PRECINCT 6,STATE EXECUTIVE COMMITTEE,14,REP,LINDA C. HUGGINS,19
Hardy,PRECINCT 7,STATE EXECUTIVE COMMITTEE,14,REP,LINDA C. HUGGINS,12
Hardy,PRECINCT 12,STATE EXECUTIVE COMMITTEE,14,REP,LINDA C. HUGGINS,15
Hardy,PRECINCT 13,STATE EXECUTIVE COMMITTEE,14,REP,LINDA C. HUGGINS,15
Hardy,PRECINCT 14,STATE EXECUTIVE COMMITTEE,14,REP,LINDA C. HUGGINS,10
Hardy,PRECINCT 15,STATE EXECUTIVE COMMITTEE,14,REP,LINDA C. HUGGINS,8
Hardy,PRECINCT 16,STATE EXECUTIVE COMMITTEE,14,REP,LINDA C. HUGGINS,31
Hardy,PRECINCT 18,STATE EXECUTIVE COMMITTEE,14,REP,LINDA C. HUGGINS,26
Hardy,PRECINCT 19,STATE EXECUTIVE COMMITTEE,14,REP,LINDA C. HUGGINS,22
Hardy,PRECINCT 20,STATE EXECUTIVE COMMITTEE,14,REP,LINDA C. HUGGINS,8
Hardy,PRECINCT 1A,STATE EXECUTIVE COMMITTEE,14,REP,LISA BARNES,4
Hardy,PRECINCT 1B,STATE EXECUTIVE COMMITTEE,14,REP,LISA BARNES,44
Hardy,PRECINCT 2A,STATE EXECUTIVE COMMITTEE,14,REP,LISA BARNES,2
Hardy,PRECINCT 2B,STATE EXECUTIVE COMMITTEE,14,REP,LISA BARNES,32
Hardy,PRECINCT 3,STATE EXECUTIVE COMMITTEE,14,REP,LISA BARNES,40
Hardy,PRECINCT 5,STATE EXECUTIVE COMMITTEE,14,REP,LISA BARNES,59
Hardy,PRECINCT 6,STATE EXECUTIVE COMMITTEE,14,REP,LISA BARNES,68
Hardy,PRECINCT 7,STATE EXECUTIVE COMMITTEE,14,REP,LISA BARNES,45
Hardy,PRECINCT 12,STATE EXECUTIVE COMMITTEE,14,REP,LISA BARNES,57
Hardy,PRECINCT 13,STATE EXECUTIVE COMMITTEE,14,REP,LISA BARNES,57
Hardy,PRECINCT 14,STATE EXECUTIVE COMMITTEE,14,REP,LISA BARNES,52
Hardy,PRECINCT 15,STATE EXECUTIVE COMMITTEE,14,REP,LISA BARNES,35
Hardy,PRECINCT 16,STATE EXECUTIVE COMMITTEE,14,REP,LISA BARNES,103
Hardy,PRECINCT 18,STATE EXECUTIVE COMMITTEE,14,REP,LISA BARNES,80
Hardy,PRECINCT 19,STATE EXECUTIVE COMMITTEE,14,REP,LISA BARNES,82
Hardy,PRECINCT 20,STATE EXECUTIVE COMMITTEE,14,REP,LISA BARNES,22
Hardy,PRECINCT 1A,STATE EXECUTIVE COMMITTEE,14,REP,HOLLIE GUIDI,1
Hardy,PRECINCT 1B,STATE EXECUTIVE COMMITTEE,14,REP,HOLLIE GUIDI,14
Hardy,PRECINCT 2A,STATE EXECUTIVE COMMITTEE,14,REP,HOLLIE GUIDI,2
Hardy,PRECINCT 2B,STATE EXECUTIVE COMMITTEE,14,REP,HOLLIE GUIDI,8
Hardy,PRECINCT 3,STATE EXECUTIVE COMMITTEE,14,REP,HOLLIE GUIDI,7
Hardy,PRECINCT 5,STATE EXECUTIVE COMMITTEE,14,REP,HOLLIE GUIDI,10
Hardy,PRECINCT 6,STATE EXECUTIVE COMMITTEE,14,REP,HOLLIE GUIDI,11
Hardy,PRECINCT 7,STATE EXECUTIVE COMMITTEE,14,REP,HOLLIE GUIDI,6
Hardy,PRECINCT 12,STATE EXECUTIVE COMMITTEE,14,REP,HOLLIE GUIDI,13
Hardy,PRECINCT 13,STATE EXECUTIVE COMMITTEE,14,REP,HOLLIE GUIDI,5
Hardy,PRECINCT 14,STATE EXECUTIVE COMMITTEE,14,REP,HOLLIE GUIDI,10
Hardy,PRECINCT 15,STATE EXECUTIVE COMMITTEE,14,REP,HOLLIE GUIDI,9
Hardy,PRECINCT 16,STATE EXECUTIVE COMMITTEE,14,REP,HOLLIE GUIDI,12
Hardy,PRECINCT 18,STATE EXECUTIVE COMMITTEE,14,REP,HOLLIE GUIDI,13
Hardy,PRECINCT 19,STATE EXECUTIVE COMMITTEE,14,REP,HOLLIE GUIDI,12
Hardy,PRECINCT 20,STATE EXECUTIVE COMMITTEE,14,REP,HOLLIE GUIDI,3
Hardy,PRECINCT 1A,STATE EXECUTIVE COMMITTEE,14,REP,VICKIE HAMMOND,2
Hardy,PRECINCT 1B,STATE EXECUTIVE COMMITTEE,14,REP,VICKIE HAMMOND,14
Hardy,PRECINCT 2A,STATE EXECUTIVE COMMITTEE,14,REP,VICKIE HAMMOND,0
Hardy,PRECINCT 2B,STATE EXECUTIVE COMMITTEE,14,REP,VICKIE HAMMOND,11
Hardy,PRECINCT 3,STATE EXECUTIVE COMMITTEE,14,REP,VICKIE HAMMOND,11
Hardy,PRECINCT 5,STATE EXECUTIVE COMMITTEE,14,REP,VICKIE HAMMOND,15
Hardy,PRECINCT 6,STATE EXECUTIVE COMMITTEE,14,REP,VICKIE HAMMOND,18
Hardy,PRECINCT 7,STATE EXECUTIVE COMMITTEE,14,REP,VICKIE HAMMOND,14
Hardy,PRECINCT 12,STATE EXECUTIVE COMMITTEE,14,REP,VICKIE HAMMOND,13
Hardy,PRECINCT 13,STATE EXECUTIVE COMMITTEE,14,REP,VICKIE HAMMOND,8
Hardy,PRECINCT 14,STATE EXECUTIVE COMMITTEE,14,REP,VICKIE HAMMOND,11
Hardy,PRECINCT 15,STATE EXECUTIVE COMMITTEE,14,REP,VICKIE HAMMOND,11
Hardy,PRECINCT 16,STATE EXECUTIVE COMMITTEE,14,REP,VICKIE HAMMOND,39
Hardy,PRECINCT 18,STATE EXECUTIVE COMMITTEE,14,REP,VICKIE HAMMOND,20
Hardy,PRECINCT 19,STATE EXECUTIVE COMMITTEE,14,REP,VICKIE HAMMOND,19
Hardy,PRECINCT 20,STATE EXECUTIVE COMMITTEE,14,REP,VICKIE HAMMOND,14
Hardy,PRECINCT 1A,STATE EXECUTIVE COMMITTEE,14,DEM,DEANNA ARMENTROUT,7
Hardy,PRECINCT 1B,STATE EXECUTIVE COMMITTEE,14,DEM,DEANNA ARMENTROUT,39
Hardy,PRECINCT 2A,STATE EXECUTIVE COMMITTEE,14,DEM,DEANNA ARMENTROUT,6
Hardy,PRECINCT 2B,STATE EXECUTIVE COMMITTEE,14,DEM,DEANNA ARMENTROUT,30
Hardy,PRECINCT 3,STATE EXECUTIVE COMMITTEE,14,DEM,DEANNA ARMENTROUT,17
Hardy,PRECINCT 5,STATE EXECUTIVE COMMITTEE,14,DEM,DEANNA ARMENTROUT,86
Hardy,PRECINCT 6,STATE EXECUTIVE COMMITTEE,14,DEM,DEANNA ARMENTROUT,36
Hardy,PRECINCT 7,STATE EXECUTIVE COMMITTEE,14,DEM,DEANNA ARMENTROUT,30
Hardy,PRECINCT 12,STATE EXECUTIVE COMMITTEE,14,DEM,DEANNA ARMENTROUT,62
Hardy,PRECINCT 13,STATE EXECUTIVE COMMITTEE,14,DEM,DEANNA ARMENTROUT,43
Hardy,PRECINCT 14,STATE EXECUTIVE COMMITTEE,14,DEM,DEANNA ARMENTROUT,59
Hardy,PRECINCT 15,STATE EXECUTIVE COMMITTEE,14,DEM,DEANNA ARMENTROUT,30
Hardy,PRECINCT 16,STATE EXECUTIVE COMMITTEE,14,DEM,DEANNA ARMENTROUT,109
Hardy,PRECINCT 18,STATE EXECUTIVE COMMITTEE,14,DEM,DEANNA ARMENTROUT,44
Hardy,PRECINCT 19,STATE EXECUTIVE COMMITTEE,14,DEM,DEANNA ARMENTROUT,61
Hardy,PRECINCT 20,STATE EXECUTIVE COMMITTEE,14,DEM,DEANNA ARMENTROUT,15
Hardy,PRECINCT 1A,STATE EXECUTIVE COMMITTEE,14,DEM,NO CANDIDATE FILED,0
Hardy,PRECINCT 1B,STATE EXECUTIVE COMMITTEE,14,DEM,NO CANDIDATE FILED,0
Hardy,PRECINCT 2A,STATE EXECUTIVE COMMITTEE,14,DEM,NO CANDIDATE FILED,0
Hardy,PRECINCT 2B,STATE EXECUTIVE COMMITTEE,14,DEM,NO CANDIDATE FILED,0
Hardy,PRECINCT 3,STATE EXECUTIVE COMMITTEE,14,DEM,NO CANDIDATE FILED,0
Hardy,PRECINCT 5,STATE EXECUTIVE COMMITTEE,14,DEM,NO CANDIDATE FILED,0
Hardy,PRECINCT 6,STATE EXECUTIVE COMMITTEE,14,DEM,NO CANDIDATE FILED,0
Hardy,PRECINCT 7,STATE EXECUTIVE COMMITTEE,14,DEM,NO CANDIDATE FILED,0
Hardy,PRECINCT 12,STATE EXECUTIVE COMMITTEE,14,DEM,NO CANDIDATE FILED,0
Hardy,PRECINCT 13,STATE EXECUTIVE COMMITTEE,14,DEM,NO CANDIDATE FILED,0
Hardy,PRECINCT 14,STATE EXECUTIVE COMMITTEE,14,DEM,NO CANDIDATE FILED,0
Hardy,PRECINCT 15,STATE EXECUTIVE COMMITTEE,14,DEM,NO CANDIDATE FILED,0
Hardy,PRECINCT 16,STATE EXECUTIVE COMMITTEE,14,DEM,NO CANDIDATE FILED,0
Hardy,PRECINCT 18,STATE EXECUTIVE COMMITTEE,14,DEM,NO CANDIDATE FILED,0
Hardy,PRECINCT 19,STATE EXECUTIVE COMMITTEE,14,DEM,NO CANDIDATE FILED,0
Hardy,PRECINCT 20,STATE EXECUTIVE COMMITTEE,14,DEM,NO CANDIDATE FILED,0
Hardy,PRECINCT 1A,STATE EXECUTIVE COMMITTEE,14,REP,HUNTER THOMAS,0
Hardy,PRECINCT 1B,STATE EXECUTIVE COMMITTEE,14,REP,HUNTER THOMAS,7
Hardy,PRECINCT 2A,STATE EXECUTIVE COMMITTEE,14,REP,HUNTER THOMAS,2
Hardy,PRECINCT 2B,STATE EXECUTIVE COMMITTEE,14,REP,HUNTER THOMAS,1
Hardy,PRECINCT 3,STATE EXECUTIVE COMMITTEE,14,REP,HUNTER THOMAS,3
Hardy,PRECINCT 5,STATE EXECUTIVE COMMITTEE,14,REP,HUNTER THOMAS,7
Hardy,PRECINCT 6,STATE EXECUTIVE COMMITTEE,14,REP,HUNTER THOMAS,6
Hardy,PRECINCT 7,STATE EXECUTIVE COMMITTEE,14,REP,HUNTER THOMAS,3
Hardy,PRECINCT 12,STATE EXECUTIVE COMMITTEE,14,REP,HUNTER THOMAS,9
Hardy,PRECINCT 13,STATE EXECUTIVE COMMITTEE,14,REP,HUNTER THOMAS,7
Hardy,PRECINCT 14,STATE EXECUTIVE COMMITTEE,14,REP,HUNTER THOMAS,6
Hardy,PRECINCT 15,STATE EXECUTIVE COMMITTEE,14,REP,HUNTER THOMAS,4
Hardy,PRECINCT 16,STATE EXECUTIVE COMMITTEE,14,REP,HUNTER THOMAS,10
Hardy,PRECINCT 18,STATE EXECUTIVE COMMITTEE,14,REP,HUNTER THOMAS,8
Hardy,PRECINCT 19,STATE EXECUTIVE COMMITTEE,14,REP,HUNTER THOMAS,8
Hardy,PRECINCT 20,STATE EXECUTIVE COMMITTEE,14,REP,HUNTER THOMAS,4
Hardy,PRECINCT 1A,STATE EXECUTIVE COMMITTEE,14,REP,RANDY S. SMITH,2
Hardy,PRECINCT 1B,STATE EXECUTIVE COMMITTEE,14,REP,RANDY S. SMITH,23
Hardy,PRECINCT 2A,STATE EXECUTIVE COMMITTEE,14,REP,RANDY S. SMITH,3
Hardy,PRECINCT 2B,STATE EXECUTIVE COMMITTEE,14,REP,RANDY S. SMITH,7
Hardy,PRECINCT 3,STATE EXECUTIVE COMMITTEE,14,REP,RANDY S. SMITH,16
Hardy,PRECINCT 5,STATE EXECUTIVE COMMITTEE,14,REP,RANDY S. SMITH,29
Hardy,PRECINCT 6,STATE EXECUTIVE COMMITTEE,14,REP,RANDY S. SMITH,31
Hardy,PRECINCT 7,STATE EXECUTIVE COMMITTEE,14,REP,RANDY S. SMITH,31
Hardy,PRECINCT 12,STATE EXECUTIVE COMMITTEE,14,REP,RANDY S. SMITH,18
Hardy,PRECINCT 13,STATE EXECUTIVE COMMITTEE,14,REP,RANDY S. SMITH,28
Hardy,PRECINCT 14,STATE EXECUTIVE COMMITTEE,14,REP,RANDY S. SMITH,24
Hardy,PRECINCT 15,STATE EXECUTIVE COMMITTEE,14,REP,RANDY S. SMITH,15
Hardy,PRECINCT 16,STATE EXECUTIVE COMMITTEE,14,REP,RANDY S. SMITH,43
Hardy,PRECINCT 18,STATE EXECUTIVE COMMITTEE,14,REP,RANDY S. SMITH,38
Hardy,PRECINCT 19,STATE EXECUTIVE COMMITTEE,14,REP,RANDY S. SMITH,30
Hardy,PRECINCT 20,STATE EXECUTIVE COMMITTEE,14,REP,RANDY S. SMITH,5
Hardy,PRECINCT 1A,STATE EXECUTIVE COMMITTEE,14,REP,BRUCE A. KOLSUN,0
Hardy,PRECINCT 1B,STATE EXECUTIVE COMMITTEE,14,REP,BRUCE A. KOLSUN,5
Hardy,PRECINCT 2A,STATE EXECUTIVE COMMITTEE,14,REP,BRUCE A. KOLSUN,2
Hardy,PRECINCT 2B,STATE EXECUTIVE COMMITTEE,14,REP,BRUCE A. KOLSUN,3
Hardy,PRECINCT 3,STATE EXECUTIVE COMMITTEE,14,REP,BRUCE A. KOLSUN,2
Hardy,PRECINCT 5,STATE EXECUTIVE COMMITTEE,14,REP,BRUCE A. KOLSUN,3
Hardy,PRECINCT 6,STATE EXECUTIVE COMMITTEE,14,REP,BRUCE A. KOLSUN,5
Hardy,PRECINCT 7,STATE EXECUTIVE COMMITTEE,14,REP,BRUCE A. KOLSUN,5
Hardy,PRECINCT 12,STATE EXECUTIVE COMMITTEE,14,REP,BRUCE A. KOLSUN,2
Hardy,PRECINCT 13,STATE EXECUTIVE COMMITTEE,14,REP,BRUCE A. KOLSUN,4
Hardy,PRECINCT 14,STATE EXECUTIVE COMMITTEE,14,REP,BRUCE A. KOLSUN,2
Hardy,PRECINCT 15,STATE EXECUTIVE COMMITTEE,14,REP,BRUCE A. KOLSUN,2
Hardy,PRECINCT 16,STATE EXECUTIVE COMMITTEE,14,REP,BRUCE A. KOLSUN,9
Hardy,PRECINCT 18,STATE EXECUTIVE COMMITTEE,14,REP,BRUCE A. KOLSUN,10
Hardy,PRECINCT 19,STATE EXECUTIVE COMMITTEE,14,REP,BRUCE A. KOLSUN,4
Hardy,PRECINCT 20,STATE EXECUTIVE COMMITTEE,14,REP,BRUCE A. KOLSUN,3
Hardy,PRECINCT 1A,STATE EXECUTIVE COMMITTEE,14,REP,DAVE BARNES,1
Hardy,PRECINCT 1B,STATE EXECUTIVE COMMITTEE,14,REP,DAVE BARNES,16
Hardy,PRECINCT 2A,STATE EXECUTIVE COMMITTEE,14,REP,DAVE BARNES,0
Hardy,PRECINCT 2B,STATE EXECUTIVE COMMITTEE,14,REP,DAVE BARNES,12
Hardy,PRECINCT 3,STATE EXECUTIVE COMMITTEE,14,REP,DAVE BARNES,18
Hardy,PRECINCT 5,STATE EXECUTIVE COMMITTEE,14,REP,DAVE BARNES,24
Hardy,PRECINCT 6,STATE EXECUTIVE COMMITTEE,14,REP,DAVE BARNES,22
Hardy,PRECINCT 7,STATE EXECUTIVE COMMITTEE,14,REP,DAVE BARNES,12
Hardy,PRECINCT 12,STATE EXECUTIVE COMMITTEE,14,REP,DAVE BARNES,26
Hardy,PRECINCT 13,STATE EXECUTIVE COMMITTEE,14,REP,DAVE BARNES,14
Hardy,PRECINCT 14,STATE EXECUTIVE COMMITTEE,14,REP,DAVE BARNES,18
Hardy,PRECINCT 15,STATE EXECUTIVE COMMITTEE,14,REP,DAVE BARNES,11
Hardy,PRECINCT 16,STATE EXECUTIVE COMMITTEE,14,REP,DAVE BARNES,51
Hardy,PRECINCT 18,STATE EXECUTIVE COMMITTEE,14,REP,DAVE BARNES,38
Hardy,PRECINCT 19,STATE EXECUTIVE COMMITTEE,14,REP,DAVE BARNES,34
Hardy,PRECINCT 20,STATE EXECUTIVE COMMITTEE,14,REP,DAVE BARNES,6
Hardy,PRECINCT 1A,STATE EXECUTIVE COMMITTEE,14,REP,ROBERT CLASS,6
Hardy,PRECINCT 1B,STATE EXECUTIVE COMMITTEE,14,REP,ROBERT CLASS,41
Hardy,PRECINCT 2A,STATE EXECUTIVE COMMITTEE,14,REP,ROBERT CLASS,3
Hardy,PRECINCT 2B,STATE EXECUTIVE COMMITTEE,14,REP,ROBERT CLASS,29
Hardy,PRECINCT 3,STATE EXECUTIVE COMMITTEE,14,REP,ROBERT CLASS,29
Hardy,PRECINCT 5,STATE EXECUTIVE COMMITTEE,14,REP,ROBERT CLASS,42
Hardy,PRECINCT 6,STATE EXECUTIVE COMMITTEE,14,REP,ROBERT CLASS,50
Hardy,PRECINCT 7,STATE EXECUTIVE COMMITTEE,14,REP,ROBERT CLASS,41
Hardy,PRECINCT 12,STATE EXECUTIVE COMMITTEE,14,REP,ROBERT CLASS,48
Hardy,PRECINCT 13,STATE EXECUTIVE COMMITTEE,14,REP,ROBERT CLASS,34
Hardy,PRECINCT 14,STATE EXECUTIVE COMMITTEE,14,REP,ROBERT CLASS,37
Hardy,PRECINCT 15,STATE EXECUTIVE COMMITTEE,14,REP,ROBERT CLASS,30
Hardy,PRECINCT 16,STATE EXECUTIVE COMMITTEE,14,REP,ROBERT CLASS,89
Hardy,PRECINCT 18,STATE EXECUTIVE COMMITTEE,14,REP,ROBERT CLASS,60
Hardy,PRECINCT 19,STATE EXECUTIVE COMMITTEE,14,REP,ROBERT CLASS,64
Hardy,PRECINCT 20,STATE EXECUTIVE COMMITTEE,14,REP,ROBERT CLASS,21
Hardy,PRECINCT 1A,STATE EXECUTIVE COMMITTEE,14,REP,JAY TAYLOR,2
Hardy,PRECINCT 1B,STATE EXECUTIVE COMMITTEE,14,REP,JAY TAYLOR,19
Hardy,PRECINCT 2A,STATE EXECUTIVE COMMITTEE,14,REP,JAY TAYLOR,1
Hardy,PRECINCT 2B,STATE EXECUTIVE COMMITTEE,14,REP,JAY TAYLOR,12
Hardy,PRECINCT 3,STATE EXECUTIVE COMMITTEE,14,REP,JAY TAYLOR,9
Hardy,PRECINCT 5,STATE EXECUTIVE COMMITTEE,14,REP,JAY TAYLOR,23
Hardy,PRECINCT 6,STATE EXECUTIVE COMMITTEE,14,REP,JAY TAYLOR,34
Hardy,PRECINCT 7,STATE EXECUTIVE COMMITTEE,14,REP,JAY TAYLOR,16
Hardy,PRECINCT 12,STATE EXECUTIVE COMMITTEE,14,REP,JAY TAYLOR,11
Hardy,PRECINCT 13,STATE EXECUTIVE COMMITTEE,14,REP,JAY TAYLOR,22
Hardy,PRECINCT 14,STATE EXECUTIVE COMMITTEE,14,REP,JAY TAYLOR,17
Hardy,PRECINCT 15,STATE EXECUTIVE COMMITTEE,14,REP,JAY TAYLOR,15
Hardy,PRECINCT 16,STATE EXECUTIVE COMMITTEE,14,REP,JAY TAYLOR,43
Hardy,PRECINCT 18,STATE EXECUTIVE COMMITTEE,14,REP,JAY TAYLOR,28
Hardy,PRECINCT 19,STATE EXECUTIVE COMMITTEE,14,REP,JAY TAYLOR,36
Hardy,PRECINCT 20,STATE EXECUTIVE COMMITTEE,14,REP,JAY TAYLOR,13
Hardy,PRECINCT 1A,STATE EXECUTIVE COMMITTEE,14,REP,FRED GUIDI,0
Hardy,PRECINCT 1B,STATE EXECUTIVE COMMITTEE,14,REP,FRED GUIDI,2
Hardy,PRECINCT 2A,STATE EXECUTIVE COMMITTEE,14,REP,FRED GUIDI,0
Hardy,PRECINCT 2B,STATE EXECUTIVE COMMITTEE,14,REP,FRED GUIDI,0
Hardy,PRECINCT 3,STATE EXECUTIVE COMMITTEE,14,REP,FRED GUIDI,3
Hardy,PRECINCT 5,STATE EXECUTIVE COMMITTEE,14,REP,FRED GUIDI,1
Hardy,PRECINCT 6,STATE EXECUTIVE COMMITTEE,14,REP,FRED GUIDI,2
Hardy,PRECINCT 7,STATE EXECUTIVE COMMITTEE,14,REP,FRED GUIDI,0
Hardy,PRECINCT 12,STATE EXECUTIVE COMMITTEE,14,REP,FRED GUIDI,0
Hardy,PRECINCT 13,STATE EXECUTIVE COMMITTEE,14,REP,FRED GUIDI,1
Hardy,PRECINCT 14,STATE EXECUTIVE COMMITTEE,14,REP,FRED GUIDI,1
Hardy,PRECINCT 15,STATE EXECUTIVE COMMITTEE,14,REP,FRED GUIDI,1
Hardy,PRECINCT 16,STATE EXECUTIVE COMMITTEE,14,REP,FRED GUIDI,0
Hardy,PRECINCT 18,STATE EXECUTIVE COMMITTEE,14,REP,FRED GUIDI,0
Hardy,PRECINCT 19,STATE EXECUTIVE COMMITTEE,14,REP,FRED GUIDI,0
Hardy,PRECINCT 20,STATE EXECUTIVE COMMITTEE,14,REP,FRED GUIDI,1
Hardy,PRECINCT 1A,STATE EXECUTIVE COMMITTEE,14,DEM,STEVEN WENDELIN,8
Hardy,PRECINCT 1B,STATE EXECUTIVE COMMITTEE,14,DEM,STEVEN WENDELIN,43
Hardy,PRECINCT 2A,STATE EXECUTIVE COMMITTEE,14,DEM,STEVEN WENDELIN,5
Hardy,PRECINCT 2B,STATE EXECUTIVE COMMITTEE,14,DEM,STEVEN WENDELIN,34
Hardy,PRECINCT 3,STATE EXECUTIVE COMMITTEE,14,DEM,STEVEN WENDELIN,17
Hardy,PRECINCT 5,STATE EXECUTIVE COMMITTEE,14,DEM,STEVEN WENDELIN,92
Hardy,PRECINCT 6,STATE EXECUTIVE COMMITTEE,14,DEM,STEVEN WENDELIN,37
Hardy,PRECINCT 7,STATE EXECUTIVE COMMITTEE,14,DEM,STEVEN WENDELIN,33
Hardy,PRECINCT 12,STATE EXECUTIVE COMMITTEE,14,DEM,STEVEN WENDELIN,58
Hardy,PRECINCT 13,STATE EXECUTIVE COMMITTEE,14,DEM,STEVEN WENDELIN,45
Hardy,PRECINCT 14,STATE EXECUTIVE COMMITTEE,14,DEM,STEVEN WENDELIN,65
Hardy,PRECINCT 15,STATE EXECUTIVE COMMITTEE,14,DEM,STEVEN WENDELIN,27
Hardy,PRECINCT 16,STATE EXECUTIVE COMMITTEE,14,DEM,STEVEN WENDELIN,106
Hardy,PRECINCT 18,STATE EXECUTIVE COMMITTEE,14,DEM,STEVEN WENDELIN,44
Hardy,PRECINCT 19,STATE EXECUTIVE COMMITTEE,14,DEM,STEVEN WENDELIN,67
Hardy,PRECINCT 20,STATE EXECUTIVE COMMITTEE,14,DEM,STEVEN WENDELIN,15
Hardy,PRECINCT 1A,STATE EXECUTIVE COMMITTEE,14,DEM,DALE PRESTON McCRAY,0
Hardy,PRECINCT 1B,STATE EXECUTIVE COMMITTEE,14,DEM,DALE PRESTON McCRAY,5
Hardy,PRECINCT 2A,STATE EXECUTIVE COMMITTEE,14,DEM,DALE PRESTON McCRAY,1
Hardy,PRECINCT 2B,STATE EXECUTIVE COMMITTEE,14,DEM,DALE PRESTON McCRAY,3
Hardy,PRECINCT 3,STATE EXECUTIVE COMMITTEE,14,DEM,DALE PRESTON McCRAY,0
Hardy,PRECINCT 5,STATE EXECUTIVE COMMITTEE,14,DEM,DALE PRESTON McCRAY,9
Hardy,PRECINCT 6,STATE EXECUTIVE COMMITTEE,14,DEM,DALE PRESTON McCRAY,8
Hardy,PRECINCT 7,STATE EXECUTIVE COMMITTEE,14,DEM,DALE PRESTON McCRAY,2
Hardy,PRECINCT 12,STATE EXECUTIVE COMMITTEE,14,DEM,DALE PRESTON McCRAY,9
Hardy,PRECINCT 13,STATE EXECUTIVE COMMITTEE,14,DEM,DALE PRESTON McCRAY,4
Hardy,PRECINCT 14,STATE EXECUTIVE COMMITTEE,14,DEM,DALE PRESTON McCRAY,10
Hardy,PRECINCT 15,STATE EXECUTIVE COMMITTEE,14,DEM,DALE PRESTON McCRAY,2
Hardy,PRECINCT 16,STATE EXECUTIVE COMMITTEE,14,DEM,DALE PRESTON McCRAY,15
Hardy,PRECINCT 18,STATE EXECUTIVE COMMITTEE,14,DEM,DALE PRESTON McCRAY,6
Hardy,PRECINCT 19,STATE EXECUTIVE COMMITTEE,14,DEM,DALE PRESTON McCRAY,8
Hardy,PRECINCT 20,STATE EXECUTIVE COMMITTEE,14,DEM,DALE PRESTON McCRAY,3
Hardy,PRECINCT 1A,STATE EXECUTIVE COMMITTEE,14,DEM,JASON ARMENTROUT,3
Hardy,PRECINCT 1B,STATE EXECUTIVE COMMITTEE,14,DEM,JASON ARMENTROUT,15
Hardy,PRECINCT 2A,STATE EXECUTIVE COMMITTEE,14,DEM,JASON ARMENTROUT,2
Hardy,PRECINCT 2B,STATE EXECUTIVE COMMITTEE,14,DEM,JASON ARMENTROUT,10
Hardy,PRECINCT 3,STATE EXECUTIVE COMMITTEE,14,DEM,JASON ARMENTROUT,7
Hardy,PRECINCT 5,STATE EXECUTIVE COMMITTEE,14,DEM,JASON ARMENTROUT,38
Hardy,PRECINCT 6,STATE EXECUTIVE COMMITTEE,14,DEM,JASON ARMENTROUT,16
Hardy,PRECINCT 7,STATE EXECUTIVE COMMITTEE,14,DEM,JASON ARMENTROUT,14
Hardy,PRECINCT 12,STATE EXECUTIVE COMMITTEE,14,DEM,JASON ARMENTROUT,37
Hardy,PRECINCT 13,STATE EXECUTIVE COMMITTEE,14,DEM,JASON ARMENTROUT,21
Hardy,PRECINCT 14,STATE EXECUTIVE COMMITTEE,14,DEM,JASON ARMENTROUT,29
Hardy,PRECINCT 15,STATE EXECUTIVE COMMITTEE,14,DEM,JASON ARMENTROUT,15
Hardy,PRECINCT 16,STATE EXECUTIVE COMMITTEE,14,DEM,JASON ARMENTROUT,58
Hardy,PRECINCT 18,STATE EXECUTIVE COMMITTEE,14,DEM,JASON ARMENTROUT,23
Hardy,PRECINCT 19,STATE EXECUTIVE COMMITTEE,14,DEM,JASON ARMENTROUT,28
Hardy,PRECINCT 20,STATE EXECUTIVE COMMITTEE,14,DEM,JASON ARMENTROUT,4
Hardy,PRECINCT 1A,Supreme Court of Appeals,,,H.L. 'KIRK' KIRKPATRICK,3
Hardy,PRECINCT 1B,Supreme Court of Appeals,,,H.L. 'KIRK' KIRKPATRICK,44
Hardy,PRECINCT 2A,Supreme Court of Appeals,,,H.L. 'KIRK' KIRKPATRICK,4
Hardy,PRECINCT 2B,Supreme Court of Appeals,,,H.L. 'KIRK' KIRKPATRICK,18
Hardy,PRECINCT 3,Supreme Court of Appeals,,,H.L. 'KIRK' KIRKPATRICK,17
Hardy,PRECINCT 5,Supreme Court of Appeals,,,H.L. 'KIRK' KIRKPATRICK,52
Hardy,PRECINCT 6,Supreme Court of Appeals,,,H.L. 'KIRK' KIRKPATRICK,23
Hardy,PRECINCT 7,Supreme Court of Appeals,,,H.L. 'KIRK' KIRKPATRICK,27
Hardy,PRECINCT 12,Supreme Court of Appeals,,,H.L. 'KIRK' KIRKPATRICK,39
Hardy,PRECINCT 13,Supreme Court of Appeals,,,H.L. 'KIRK' KIRKPATRICK,48
Hardy,PRECINCT 14,Supreme Court of Appeals,,,H.L. 'KIRK' KIRKPATRICK,47
Hardy,PRECINCT 15,Supreme Court of Appeals,,,H.L. 'KIRK' KIRKPATRICK,21
Hardy,PRECINCT 16,Supreme Court of Appeals,,,H.L. 'KIRK' KIRKPATRICK,85
Hardy,PRECINCT 18,Supreme Court of Appeals,,,H.L. 'KIRK' KIRKPATRICK,52
Hardy,PRECINCT 19,Supreme Court of Appeals,,,H.L. 'KIRK' KIRKPATRICK,47
Hardy,PRECINCT 20,Supreme Court of Appeals,,,H.L. 'KIRK' KIRKPATRICK,17
Hardy,PRECINCT 1A,Supreme Court of Appeals,,,TODD A. KIRBY,2
Hardy,PRECINCT 1B,Supreme Court of Appeals,,,TODD A. KIRBY,12
Hardy,PRECINCT 2A,Supreme Court of Appeals,,,TODD A. KIRBY,3
Hardy,PRECINCT 2B,Supreme Court of Appeals,,,TODD A. KIRBY,17
Hardy,PRECINCT 3,Supreme Court of Appeals,,,TODD A. KIRBY,17
Hardy,PRECINCT 5,Supreme Court of Appeals,,,TODD A. KIRBY,35
Hardy,PRECINCT 6,Supreme Court of Appeals,,,TODD A. KIRBY,36
Hardy,PRECINCT 7,Supreme Court of Appeals,,,TODD A. KIRBY,19
Hardy,PRECINCT 12,Supreme Court of Appeals,,,TODD A. KIRBY,22
Hardy,PRECINCT 13,Supreme Court of Appeals,,,TODD A. KIRBY,16
Hardy,PRECINCT 14,Supreme Court of Appeals,,,TODD A. KIRBY,17
Hardy,PRECINCT 15,Supreme Court of Appeals,,,TODD A. KIRBY,7
Hardy,PRECINCT 16,Supreme Court of Appeals,,,TODD A. KIRBY,46
Hardy,PRECINCT 18,Supreme Court of Appeals,,,TODD A. KIRBY,21
Hardy,PRECINCT 19,Supreme Court of Appeals,,,TODD A. KIRBY,51
Hardy,PRECINCT 20,Supreme Court of Appeals,,,TODD A. KIRBY,10
Hardy,PRECINCT 1A,Supreme Court of Appeals,,,GERALD TITUS,2
Hardy,PRECINCT 1B,Supreme Court of Appeals,,,GERALD TITUS,14
Hardy,PRECINCT 2A,Supreme Court of Appeals,,,GERALD TITUS,0
Hardy,PRECINCT 2B,Supreme Court of Appeals,,,GERALD TITUS,8
Hardy,PRECINCT 3,Supreme Court of Appeals,,,GERALD TITUS,13
Hardy,PRECINCT 5,Supreme Court of Appeals,,,GERALD TITUS,23
Hardy,PRECINCT 6,Supreme Court of Appeals,,,GERALD TITUS,22
Hardy,PRECINCT 7,Supreme Court of Appeals,,,GERALD TITUS,16
Hardy,PRECINCT 12,Supreme Court of Appeals,,,GERALD TITUS,32
Hardy,PRECINCT 13,Supreme Court of Appeals,,,GERALD TITUS,23
Hardy,PRECINCT 14,Supreme Court of Appeals,,,GERALD TITUS,21
Hardy,PRECINCT 15,Supreme Court of Appeals,,,GERALD TITUS,26
Hardy,PRECINCT 16,Supreme Court of Appeals,,,GERALD TITUS,58
Hardy,PRECINCT 18,Supreme Court of Appeals,,,GERALD TITUS,34
Hardy,PRECINCT 19,Supreme Court of Appeals,,,GERALD TITUS,24
Hardy,PRECINCT 20,Supreme Court of Appeals,,,GERALD TITUS,13
Hardy,PRECINCT 1A,Supreme Court of Appeals,,,LAURA V. FAIRCLOTH,10
Hardy,PRECINCT 1B,Supreme Court of Appeals,,,LAURA V. FAIRCLOTH,56
Hardy,PRECINCT 2A,Supreme Court of Appeals,,,LAURA V. FAIRCLOTH,8
Hardy,PRECINCT 2B,Supreme Court of Appeals,,,LAURA V. FAIRCLOTH,38
Hardy,PRECINCT 3,Supreme Court of Appeals,,,LAURA V. FAIRCLOTH,33
Hardy,PRECINCT 5,Supreme Court of Appeals,,,LAURA V. FAIRCLOTH,73
Hardy,PRECINCT 6,Supreme Court of Appeals,,,LAURA V. FAIRCLOTH,56
Hardy,PRECINCT 7,Supreme Court of Appeals,,,LAURA V. FAIRCLOTH,48
Hardy,PRECINCT 12,Supreme Court of Appeals,,,LAURA V. FAIRCLOTH,60
Hardy,PRECINCT 13,Supreme Court of Appeals,,,LAURA V. FAIRCLOTH,40
Hardy,PRECINCT 14,Supreme Court of Appeals,,,LAURA V. FAIRCLOTH,54
Hardy,PRECINCT 15,Supreme Court of Appeals,,,LAURA V. FAIRCLOTH,41
Hardy,PRECINCT 16,Supreme Court of Appeals,,,LAURA V. FAIRCLOTH,117
Hardy,PRECINCT 18,Supreme Court of Appeals,,,LAURA V. FAIRCLOTH,44
Hardy,PRECINCT 19,Supreme Court of Appeals,,,LAURA V. FAIRCLOTH,54
Hardy,PRECINCT 20,Supreme Court of Appeals,,,LAURA V. FAIRCLOTH,16
Hardy,PRECINCT 1A,Supreme Court of Appeals,,,MARTIN P. 'RED HAT' SHEEHAN,0
Hardy,PRECINCT 1B,Supreme Court of Appeals,,,MARTIN P. 'RED HAT' SHEEHAN,9
Hardy,PRECINCT 2A,Supreme Court of Appeals,,,MARTIN P. 'RED HAT' SHEEHAN,0
Hardy,PRECINCT 2B,Supreme Court of Appeals,,,MARTIN P. 'RED HAT' SHEEHAN,5
Hardy,PRECINCT 3,Supreme Court of Appeals,,,MARTIN P. 'RED HAT' SHEEHAN,2
Hardy,PRECINCT 5,Supreme Court of Appeals,,,MARTIN P. 'RED HAT' SHEEHAN,12
Hardy,PRECINCT 6,Supreme Court of Appeals,,,MARTIN P. 'RED HAT' SHEEHAN,14
Hardy,PRECINCT 7,Supreme Court of Appeals,,,MARTIN P. 'RED HAT' SHEEHAN,7
Hardy,PRECINCT 12,Supreme Court of Appeals,,,MARTIN P. 'RED HAT' SHEEHAN,5
Hardy,PRECINCT 13,Supreme Court of Appeals,,,MARTIN P. 'RED HAT' SHEEHAN,8
Hardy,PRECINCT 14,Supreme Court of Appeals,,,MARTIN P. 'RED HAT' SHEEHAN,7
Hardy,PRECINCT 15,Supreme Court of Appeals,,,MARTIN P. 'RED HAT' SHEEHAN,3
Hardy,PRECINCT 16,Supreme Court of Appeals,,,MARTIN P. 'RED HAT' SHEEHAN,15
Hardy,PRECINCT 18,Supreme Court of Appeals,,,MARTIN P. 'RED HAT' SHEEHAN,13
Hardy,PRECINCT 19,Supreme Court of Appeals,,,MARTIN P. 'RED HAT' SHEEHAN,11
Hardy,PRECINCT 20,Supreme Court of Appeals,,,MARTIN P. 'RED HAT' SHEEHAN,3
Hardy,PRECINCT 1A,Supreme Court of Appeals,,,TOM EWING,8
Hardy,PRECINCT 1B,Supreme Court of Appeals,,,TOM EWING,64
Hardy,PRECINCT 2A,Supreme Court of Appeals,,,TOM EWING,6
Hardy,PRECINCT 2B,Supreme Court of Appeals,,,TOM EWING,36
Hardy,PRECINCT 3,Supreme Court of Appeals,,,TOM EWING,31
Hardy,PRECINCT 5,Supreme Court of Appeals,,,TOM EWING,93
Hardy,PRECINCT 6,Supreme Court of Appeals,,,TOM EWING,68
Hardy,PRECINCT 7,Supreme Court of Appeals,,,TOM EWING,46
Hardy,PRECINCT 12,Supreme Court of Appeals,,,TOM EWING,55
Hardy,PRECINCT 13,Supreme Court of Appeals,,,TOM EWING,49
Hardy,PRECINCT 14,Supreme Court of Appeals,,,TOM EWING,50
Hardy,PRECINCT 15,Supreme Court of Appeals,,,TOM EWING,40
Hardy,PRECINCT 16,Supreme Court of Appeals,,,TOM EWING,111
Hardy,PRECINCT 18,Supreme Court of Appeals,,,TOM EWING,57
Hardy,PRECINCT 19,Supreme Court of Appeals,,,TOM EWING,76
Hardy,PRECINCT 20,Supreme Court of Appeals,,,TOM EWING,25
Hardy,PRECINCT 1A,Supreme Court of Appeals,,,BILL FLANIGAN,9
Hardy,PRECINCT 1B,Supreme Court of Appeals,,,BILL FLANIGAN,62
Hardy,PRECINCT 2A,Supreme Court of Appeals,,,BILL FLANIGAN,7
Hardy,PRECINCT 2B,Supreme Court of Appeals,,,BILL FLANIGAN,44
Hardy,PRECINCT 3,Supreme Court of Appeals,,,BILL FLANIGAN,46
Hardy,PRECINCT 5,Supreme Court of Appeals,,,BILL FLANIGAN,83
Hardy,PRECINCT 6,Supreme Court of Appeals,,,BILL FLANIGAN,76
Hardy,PRECINCT 7,Supreme Court of Appeals,,,BILL FLANIGAN,61
Hardy,PRECINCT 12,Supreme Court of Appeals,,,BILL FLANIGAN,87
Hardy,PRECINCT 13,Supreme Court of Appeals,,,BILL FLANIGAN,69
Hardy,PRECINCT 14,Supreme Court of Appeals,,,BILL FLANIGAN,74
Hardy,PRECINCT 15,Supreme Court of Appeals,,,BILL FLANIGAN,52
Hardy,PRECINCT 16,Supreme Court of Appeals,,,BILL FLANIGAN,167
Hardy,PRECINCT 18,Supreme Court of Appeals,,,BILL FLANIGAN,90
Hardy,PRECINCT 19,Supreme Court of Appeals,,,BILL FLANIGAN,85
Hardy,PRECINCT 20,Supreme Court of Appeals,,,BILL FLANIGAN,26
Hardy,PRECINCT 1A,Intermediate Court of Appeals,,,DAN GREEAR,3
Hardy,PRECINCT 1B,Intermediate Court of Appeals,,,DAN GREEAR,29
Hardy,PRECINCT 2A,Intermediate Court of Appeals,,,DAN GREEAR,4
Hardy,PRECINCT 2B,Intermediate Court of Appeals,,,DAN GREEAR,25
Hardy,PRECINCT 3,Intermediate Court of Appeals,,,DAN GREEAR,21
Hardy,PRECINCT 5,Intermediate Court of Appeals,,,DAN GREEAR,54
Hardy,PRECINCT 6,Intermediate Court of Appeals,,,DAN GREEAR,45
Hardy,PRECINCT 7,Intermediate Court of Appeals,,,DAN GREEAR,28
Hardy,PRECINCT 12,Intermediate Court of Appeals,,,DAN GREEAR,39
Hardy,PRECINCT 13,Intermediate Court of Appeals,,,DAN GREEAR,36
Hardy,PRECINCT 14,Intermediate Court of Appeals,,,DAN GREEAR,37
Hardy,PRECINCT 15,Intermediate Court of Appeals,,,DAN GREEAR,29
Hardy,PRECINCT 16,Intermediate Court of Appeals,,,DAN GREEAR,66
Hardy,PRECINCT 18,Intermediate Court of Appeals,,,DAN GREEAR,33
Hardy,PRECINCT 19,Intermediate Court of Appeals,,,DAN GREEAR,42
Hardy,PRECINCT 20,Intermediate Court of Appeals,,,DAN GREEAR,23
Hardy,PRECINCT 1A,Intermediate Court of Appeals,,,JIM DOUGLAS,14
Hardy,PRECINCT 1B,Intermediate Court of Appeals,,,JIM DOUGLAS,90
Hardy,PRECINCT 2A,Intermediate Court of Appeals,,,JIM DOUGLAS,8
Hardy,PRECINCT 2B,Intermediate Court of Appeals,,,JIM DOUGLAS,53
Hardy,PRECINCT 3,Intermediate Court of Appeals,,,JIM DOUGLAS,54
Hardy,PRECINCT 5,Intermediate Court of Appeals,,,JIM DOUGLAS,120
Hardy,PRECINCT 6,Intermediate Court of Appeals,,,JIM DOUGLAS,94
Hardy,PRECINCT 7,Intermediate Court of Appeals,,,JIM DOUGLAS,77
Hardy,PRECINCT 12,Intermediate Court of Appeals,,,JIM DOUGLAS,96
Hardy,PRECINCT 13,Intermediate Court of Appeals,,,JIM DOUGLAS,70
Hardy,PRECINCT 14,Intermediate Court of Appeals,,,JIM DOUGLAS,84
Hardy,PRECINCT 15,Intermediate Court of Appeals,,,JIM DOUGLAS,58
Hardy,PRECINCT 16,Intermediate Court of Appeals,,,JIM DOUGLAS,207
Hardy,PRECINCT 18,Intermediate Court of Appeals,,,JIM DOUGLAS,104
Hardy,PRECINCT 19,Intermediate Court of Appeals,,,JIM DOUGLAS,119
Hardy,PRECINCT 20,Intermediate Court of Appeals,,,JIM DOUGLAS,25
Hardy,PRECINCT 1A,REP FOR COUNTY COMMISSIONER,,REP,JUSTIN M EVANS,1
Hardy,PRECINCT 1B,REP FOR COUNTY COMMISSIONER,,REP,JUSTIN M EVANS,22
Hardy,PRECINCT 2A,REP FOR COUNTY COMMISSIONER,,REP,JUSTIN M EVANS,0
Hardy,PRECINCT 2B,REP FOR COUNTY COMMISSIONER,,REP,JUSTIN M EVANS,11
Hardy,PRECINCT 3,REP FOR COUNTY COMMISSIONER,,REP,JUSTIN M EVANS,28
Hardy,PRECINCT 5,REP FOR COUNTY COMMISSIONER,,REP,JUSTIN M EVANS,35
Hardy,PRECINCT 6,REP FOR COUNTY COMMISSIONER,,REP,JUSTIN M EVANS,48
Hardy,PRECINCT 7,REP FOR COUNTY COMMISSIONER,,REP,JUSTIN M EVANS,31
Hardy,PRECINCT 12,REP FOR COUNTY COMMISSIONER,,REP,JUSTIN M EVANS,22
Hardy,PRECINCT 13,REP FOR COUNTY COMMISSIONER,,REP,JUSTIN M EVANS,21
Hardy,PRECINCT 14,REP FOR COUNTY COMMISSIONER,,REP,JUSTIN M EVANS,17
Hardy,PRECINCT 15,REP FOR COUNTY COMMISSIONER,,REP,JUSTIN M EVANS,21
Hardy,PRECINCT 16,REP FOR COUNTY COMMISSIONER,,REP,JUSTIN M EVANS,40
Hardy,PRECINCT 18,REP FOR COUNTY COMMISSIONER,,REP,JUSTIN M EVANS,37
Hardy,PRECINCT 19,REP FOR COUNTY COMMISSIONER,,REP,JUSTIN M EVANS,30
Hardy,PRECINCT 20,REP FOR COUNTY COMMISSIONER,,REP,JUSTIN M EVANS,9
Hardy,PRECINCT 1A,REP FOR COUNTY COMMISSIONER,,REP,MICHAEL P PHILLIPS,2
Hardy,PRECINCT 1B,REP FOR COUNTY COMMISSIONER,,REP,MICHAEL P PHILLIPS,11
Hardy,PRECINCT 2A,REP FOR COUNTY COMMISSIONER,,REP,MICHAEL P PHILLIPS,2
Hardy,PRECINCT 2B,REP FOR COUNTY COMMISSIONER,,REP,MICHAEL P PHILLIPS,5
Hardy,PRECINCT 3,REP FOR COUNTY COMMISSIONER,,REP,MICHAEL P PHILLIPS,9
Hardy,PRECINCT 5,REP FOR COUNTY COMMISSIONER,,REP,MICHAEL P PHILLIPS,24
Hardy,PRECINCT 6,REP FOR COUNTY COMMISSIONER,,REP,MICHAEL P PHILLIPS,24
Hardy,PRECINCT 7,REP FOR COUNTY COMMISSIONER,,REP,MICHAEL P PHILLIPS,13
Hardy,PRECINCT 12,REP FOR COUNTY COMMISSIONER,,REP,MICHAEL P PHILLIPS,41
Hardy,PRECINCT 13,REP FOR COUNTY COMMISSIONER,,REP,MICHAEL P PHILLIPS,33
Hardy,PRECINCT 14,REP FOR COUNTY COMMISSIONER,,REP,MICHAEL P PHILLIPS,36
Hardy,PRECINCT 15,REP FOR COUNTY COMMISSIONER,,REP,MICHAEL P PHILLIPS,14
Hardy,PRECINCT 16,REP FOR COUNTY COMMISSIONER,,REP,MICHAEL P PHILLIPS,105
Hardy,PRECINCT 18,REP FOR COUNTY COMMISSIONER,,REP,MICHAEL P PHILLIPS,69
Hardy,PRECINCT 19,REP FOR COUNTY COMMISSIONER,,REP,MICHAEL P PHILLIPS,65
Hardy,PRECINCT 20,REP FOR COUNTY COMMISSIONER,,REP,MICHAEL P PHILLIPS,29
Hardy,PRECINCT 1A,REP FOR COUNTY COMMISSIONER,,REP,SHERRI HOF,6
Hardy,PRECINCT 1B,REP FOR COUNTY COMMISSIONER,,REP,SHERRI HOF,39
Hardy,PRECINCT 2A,REP FOR COUNTY COMMISSIONER,,REP,SHERRI HOF,4
Hardy,PRECINCT 2B,REP FOR COUNTY COMMISSIONER,,REP,SHERRI HOF,32
Hardy,PRECINCT 3,REP FOR COUNTY COMMISSIONER,,REP,SHERRI HOF,16
Hardy,PRECINCT 5,REP FOR COUNTY COMMISSIONER,,REP,SHERRI HOF,29
Hardy,PRECINCT 6,REP FOR COUNTY COMMISSIONER,,REP,SHERRI HOF,24
Hardy,PRECINCT 7,REP FOR COUNTY COMMISSIONER,,REP,SHERRI HOF,22
Hardy,PRECINCT 12,REP FOR COUNTY COMMISSIONER,,REP,SHERRI HOF,21
Hardy,PRECINCT 13,REP FOR COUNTY COMMISSIONER,,REP,SHERRI HOF,19
Hardy,PRECINCT 14,REP FOR COUNTY COMMISSIONER,,REP,SHERRI HOF,11
Hardy,PRECINCT 15,REP FOR COUNTY COMMISSIONER,,REP,SHERRI HOF,19
Hardy,PRECINCT 16,REP FOR COUNTY COMMISSIONER,,REP,SHERRI HOF,19
Hardy,PRECINCT 18,REP FOR COUNTY COMMISSIONER,,REP,SHERRI HOF,19
Hardy,PRECINCT 19,REP FOR COUNTY COMMISSIONER,,REP,SHERRI HOF,16
Hardy,PRECINCT 20,REP FOR COUNTY COMMISSIONER,,REP,SHERRI HOF,1
Hardy,PRECINCT 1A,DEM FOR COUNTY COMMISSIONER,,DEM,SHAWNA M CRITES,8
Hardy,PRECINCT 1B,DEM FOR COUNTY COMMISSIONER,,DEM,SHAWNA M CRITES,49
Hardy,PRECINCT 2A,DEM FOR COUNTY COMMISSIONER,,DEM,SHAWNA M CRITES,6
Hardy,PRECINCT 2B,DEM FOR COUNTY COMMISSIONER,,DEM,SHAWNA M CRITES,34
Hardy,PRECINCT 3,DEM FOR COUNTY COMMISSIONER,,DEM,SHAWNA M CRITES,18
Hardy,PRECINCT 5,DEM FOR COUNTY COMMISSIONER,,DEM,SHAWNA M CRITES,99
Hardy,PRECINCT 6,DEM FOR COUNTY COMMISSIONER,,DEM,SHAWNA M CRITES,39
Hardy,PRECINCT 7,DEM FOR COUNTY COMMISSIONER,,DEM,SHAWNA M CRITES,37
Hardy,PRECINCT 12,DEM FOR COUNTY COMMISSIONER,,DEM,SHAWNA M CRITES,78
Hardy,PRECINCT 13,DEM FOR COUNTY COMMISSIONER,,DEM,SHAWNA M CRITES,59
Hardy,PRECINCT 14,DEM FOR COUNTY COMMISSIONER,,DEM,SHAWNA M CRITES,71
Hardy,PRECINCT 15,DEM FOR COUNTY COMMISSIONER,,DEM,SHAWNA M CRITES,35
Hardy,PRECINCT 16,DEM FOR COUNTY COMMISSIONER,,DEM,SHAWNA M CRITES,142
Hardy,PRECINCT 18,DEM FOR COUNTY COMMISSIONER,,DEM,SHAWNA M CRITES,65
Hardy,PRECINCT 19,DEM FOR COUNTY COMMISSIONER,,DEM,SHAWNA M CRITES,77
Hardy,PRECINCT 20,DEM FOR COUNTY COMMISSIONER,,DEM,SHAWNA M CRITES,24
Hardy,PRECINCT 1A,REP FOR COUNTY CLERK,,REP,LORETTA HUMBERTSON,5
Hardy,PRECINCT 1B,REP FOR COUNTY CLERK,,REP,LORETTA HUMBERTSON,44
Hardy,PRECINCT 2A,REP FOR COUNTY CLERK,,REP,LORETTA HUMBERTSON,2
Hardy,PRECINCT 2B,REP FOR COUNTY CLERK,,REP,LORETTA HUMBERTSON,24
Hardy,PRECINCT 3,REP FOR COUNTY CLERK,,REP,LORETTA HUMBERTSON,33
Hardy,PRECINCT 5,REP FOR COUNTY CLERK,,REP,LORETTA HUMBERTSON,82
Hardy,PRECINCT 6,REP FOR COUNTY CLERK,,REP,LORETTA HUMBERTSON,86
Hardy,PRECINCT 7,REP FOR COUNTY CLERK,,REP,LORETTA HUMBERTSON,50
Hardy,PRECINCT 12,REP FOR COUNTY CLERK,,REP,LORETTA HUMBERTSON,67
Hardy,PRECINCT 13,REP FOR COUNTY CLERK,,REP,LORETTA HUMBERTSON,52
Hardy,PRECINCT 14,REP FOR COUNTY CLERK,,REP,LORETTA HUMBERTSON,38
Hardy,PRECINCT 15,REP FOR COUNTY CLERK,,REP,LORETTA HUMBERTSON,31
Hardy,PRECINCT 16,REP FOR COUNTY CLERK,,REP,LORETTA HUMBERTSON,106
Hardy,PRECINCT 18,REP FOR COUNTY CLERK,,REP,LORETTA HUMBERTSON,77
Hardy,PRECINCT 19,REP FOR COUNTY CLERK,,REP,LORETTA HUMBERTSON,64
Hardy,PRECINCT 20,REP FOR COUNTY CLERK,,REP,LORETTA HUMBERTSON,22
Hardy,PRECINCT 1A,REP FOR COUNTY CLERK,,REP,TREVOR SOUTHERLY,4
Hardy,PRECINCT 1B,REP FOR COUNTY CLERK,,REP,TREVOR SOUTHERLY,31
Hardy,PRECINCT 2A,REP FOR COUNTY CLERK,,REP,TREVOR SOUTHERLY,4
Hardy,PRECINCT 2B,REP FOR COUNTY CLERK,,REP,TREVOR SOUTHERLY,23
Hardy,PRECINCT 3,REP FOR COUNTY CLERK,,REP,TREVOR SOUTHERLY,22
Hardy,PRECINCT 5,REP FOR COUNTY CLERK,,REP,TREVOR SOUTHERLY,25
Hardy,PRECINCT 6,REP FOR COUNTY CLERK,,REP,TREVOR SOUTHERLY,25
Hardy,PRECINCT 7,REP FOR COUNTY CLERK,,REP,TREVOR SOUTHERLY,27
Hardy,PRECINCT 12,REP FOR COUNTY CLERK,,REP,TREVOR SOUTHERLY,28
Hardy,PRECINCT 13,REP FOR COUNTY CLERK,,REP,TREVOR SOUTHERLY,31
Hardy,PRECINCT 14,REP FOR COUNTY CLERK,,REP,TREVOR SOUTHERLY,32
Hardy,PRECINCT 15,REP FOR COUNTY CLERK,,REP,TREVOR SOUTHERLY,25
Hardy,PRECINCT 16,REP FOR COUNTY CLERK,,REP,TREVOR SOUTHERLY,75
Hardy,PRECINCT 18,REP FOR COUNTY CLERK,,REP,TREVOR SOUTHERLY,58
Hardy,PRECINCT 19,REP FOR COUNTY CLERK,,REP,TREVOR SOUTHERLY,55
Hardy,PRECINCT 20,REP FOR COUNTY CLERK,,REP,TREVOR SOUTHERLY,19
Hardy,PRECINCT 1A,DEM FOR COUNTY CLERK,,DEM,NO CANDIDATE FILED,0
Hardy,PRECINCT 1B,DEM FOR COUNTY CLERK,,DEM,NO CANDIDATE FILED,0
Hardy,PRECINCT 2A,DEM FOR COUNTY CLERK,,DEM,NO CANDIDATE FILED,0
Hardy,PRECINCT 2B,DEM FOR COUNTY CLERK,,DEM,NO CANDIDATE FILED,0
Hardy,PRECINCT 3,DEM FOR COUNTY CLERK,,DEM,NO CANDIDATE FILED,0
Hardy,PRECINCT 5,DEM FOR COUNTY CLERK,,DEM,NO CANDIDATE FILED,0
Hardy,PRECINCT 6,DEM FOR COUNTY CLERK,,DEM,NO CANDIDATE FILED,0
Hardy,PRECINCT 7,DEM FOR COUNTY CLERK,,DEM,NO CANDIDATE FILED,0
Hardy,PRECINCT 12,DEM FOR COUNTY CLERK,,DEM,NO CANDIDATE FILED,0
Hardy,PRECINCT 13,DEM FOR COUNTY CLERK,,DEM,NO CANDIDATE FILED,0
Hardy,PRECINCT 14,DEM FOR COUNTY CLERK,,DEM,NO CANDIDATE FILED,0
Hardy,PRECINCT 15,DEM FOR COUNTY CLERK,,DEM,NO CANDIDATE FILED,0
Hardy,PRECINCT 16,DEM FOR COUNTY CLERK,,DEM,NO CANDIDATE FILED,0
Hardy,PRECINCT 18,DEM FOR COUNTY CLERK,,DEM,NO CANDIDATE FILED,0
Hardy,PRECINCT 19,DEM FOR COUNTY CLERK,,DEM,NO CANDIDATE FILED,0
Hardy,PRECINCT 20,DEM FOR COUNTY CLERK,,DEM,NO CANDIDATE FILED,0
Hardy,PRECINCT 1A,REP PROSECUTING ATTORNEY,,REP,ROBERT RYAN,7
Hardy,PRECINCT 1B,REP PROSECUTING ATTORNEY,,REP,ROBERT RYAN,61
Hardy,PRECINCT 2A,REP PROSECUTING ATTORNEY,,REP,ROBERT RYAN,2
Hardy,PRECINCT 2B,REP PROSECUTING ATTORNEY,,REP,ROBERT RYAN,36
Hardy,PRECINCT 3,REP PROSECUTING ATTORNEY,,REP,ROBERT RYAN,43
Hardy,PRECINCT 5,REP PROSECUTING ATTORNEY,,REP,ROBERT RYAN,67
Hardy,PRECINCT 6,REP PROSECUTING ATTORNEY,,REP,ROBERT RYAN,78
Hardy,PRECINCT 7,REP PROSECUTING ATTORNEY,,REP,ROBERT RYAN,55
Hardy,PRECINCT 12,REP PROSECUTING ATTORNEY,,REP,ROBERT RYAN,71
Hardy,PRECINCT 13,REP PROSECUTING ATTORNEY,,REP,ROBERT RYAN,57
Hardy,PRECINCT 14,REP PROSECUTING ATTORNEY,,REP,ROBERT RYAN,59
Hardy,PRECINCT 15,REP PROSECUTING ATTORNEY,,REP,ROBERT RYAN,44
Hardy,PRECINCT 16,REP PROSECUTING ATTORNEY,,REP,ROBERT RYAN,123
Hardy,PRECINCT 18,REP PROSECUTING ATTORNEY,,REP,ROBERT RYAN,93
Hardy,PRECINCT 19,REP PROSECUTING ATTORNEY,,REP,ROBERT RYAN,96
Hardy,PRECINCT 20,REP PROSECUTING ATTORNEY,,REP,ROBERT RYAN,31
Hardy,PRECINCT 1A,DEM PROSECUTING ATTORNEY,,DEM,NO CANDIDATE FILED,0
Hardy,PRECINCT 1B,DEM PROSECUTING ATTORNEY,,DEM,NO CANDIDATE FILED,0
Hardy,PRECINCT 2A,DEM PROSECUTING ATTORNEY,,DEM,NO CANDIDATE FILED,0
Hardy,PRECINCT 2B,DEM PROSECUTING ATTORNEY,,DEM,NO CANDIDATE FILED,0
Hardy,PRECINCT 3,DEM PROSECUTING ATTORNEY,,DEM,NO CANDIDATE FILED,0
Hardy,PRECINCT 5,DEM PROSECUTING ATTORNEY,,DEM,NO CANDIDATE FILED,0
Hardy,PRECINCT 6,DEM PROSECUTING ATTORNEY,,DEM,NO CANDIDATE FILED,0
Hardy,PRECINCT 7,DEM PROSECUTING ATTORNEY,,DEM,NO CANDIDATE FILED,0
Hardy,PRECINCT 12,DEM PROSECUTING ATTORNEY,,DEM,NO CANDIDATE FILED,0
Hardy,PRECINCT 13,DEM PROSECUTING ATTORNEY,,DEM,NO CANDIDATE FILED,0
Hardy,PRECINCT 14,DEM PROSECUTING ATTORNEY,,DEM,NO CANDIDATE FILED,0
Hardy,PRECINCT 15,DEM PROSECUTING ATTORNEY,,DEM,NO CANDIDATE FILED,0
Hardy,PRECINCT 16,DEM PROSECUTING ATTORNEY,,DEM,NO CANDIDATE FILED,0
Hardy,PRECINCT 18,DEM PROSECUTING ATTORNEY,,DEM,NO CANDIDATE FILED,0
Hardy,PRECINCT 19,DEM PROSECUTING ATTORNEY,,DEM,NO CANDIDATE FILED,0
Hardy,PRECINCT 20,DEM PROSECUTING ATTORNEY,,DEM,NO CANDIDATE FILED,0
Hardy,PRECINCT 1A,REP FOR CONGRESSIONAL DIST EXEC COMMITTEE DIST 2 FEMALE,,REP,NO CANDIDATE FILED,0
Hardy,PRECINCT 1B,REP FOR CONGRESSIONAL DIST EXEC COMMITTEE DIST 2 FEMALE,,REP,NO CANDIDATE FILED,0
Hardy,PRECINCT 2A,REP FOR CONGRESSIONAL DIST EXEC COMMITTEE DIST 2 FEMALE,,REP,NO CANDIDATE FILED,0
Hardy,PRECINCT 2B,REP FOR CONGRESSIONAL DIST EXEC COMMITTEE DIST 2 FEMALE,,REP,NO CANDIDATE FILED,0
Hardy,PRECINCT 3,REP FOR CONGRESSIONAL DIST EXEC COMMITTEE DIST 2 FEMALE,,REP,NO CANDIDATE FILED,0
Hardy,PRECINCT 5,REP FOR CONGRESSIONAL DIST EXEC COMMITTEE DIST 2 FEMALE,,REP,NO CANDIDATE FILED,0
Hardy,PRECINCT 6,REP FOR CONGRESSIONAL DIST EXEC COMMITTEE DIST 2 FEMALE,,REP,NO CANDIDATE FILED,0
Hardy,PRECINCT 7,REP FOR CONGRESSIONAL DIST EXEC COMMITTEE DIST 2 FEMALE,,REP,NO CANDIDATE FILED,0
Hardy,PRECINCT 12,REP FOR CONGRESSIONAL DIST EXEC COMMITTEE DIST 2 FEMALE,,REP,NO CANDIDATE FILED,0
Hardy,PRECINCT 13,REP FOR CONGRESSIONAL DIST EXEC COMMITTEE DIST 2 FEMALE,,REP,NO CANDIDATE FILED,0
Hardy,PRECINCT 14,REP FOR CONGRESSIONAL DIST EXEC COMMITTEE DIST 2 FEMALE,,REP,NO CANDIDATE FILED,0
Hardy,PRECINCT 15,REP FOR CONGRESSIONAL DIST EXEC COMMITTEE DIST 2 FEMALE,,REP,NO CANDIDATE FILED,0
Hardy,PRECINCT 16,REP FOR CONGRESSIONAL DIST EXEC COMMITTEE DIST 2 FEMALE,,REP,NO CANDIDATE FILED,0
Hardy,PRECINCT 18,REP FOR CONGRESSIONAL DIST EXEC COMMITTEE DIST 2 FEMALE,,REP,NO CANDIDATE FILED,0
Hardy,PRECINCT 19,REP FOR CONGRESSIONAL DIST EXEC COMMITTEE DIST 2 FEMALE,,REP,NO CANDIDATE FILED,0
Hardy,PRECINCT 20,REP FOR CONGRESSIONAL DIST EXEC COMMITTEE DIST 2 FEMALE,,REP,NO CANDIDATE FILED,0
Hardy,PRECINCT 1A,DEM FOR CONGRESSIONAL DIST EXEC COMMITTEE DIST 2 FEMALE,,DEM,NO CANDIDATE FILED,0
Hardy,PRECINCT 1B,DEM FOR CONGRESSIONAL DIST EXEC COMMITTEE DIST 2 FEMALE,,DEM,NO CANDIDATE FILED,0
Hardy,PRECINCT 2A,DEM FOR CONGRESSIONAL DIST EXEC COMMITTEE DIST 2 FEMALE,,DEM,NO CANDIDATE FILED,0
Hardy,PRECINCT 2B,DEM FOR CONGRESSIONAL DIST EXEC COMMITTEE DIST 2 FEMALE,,DEM,NO CANDIDATE FILED,0
Hardy,PRECINCT 3,DEM FOR CONGRESSIONAL DIST EXEC COMMITTEE DIST 2 FEMALE,,DEM,NO CANDIDATE FILED,0
Hardy,PRECINCT 5,DEM FOR CONGRESSIONAL DIST EXEC COMMITTEE DIST 2 FEMALE,,DEM,NO CANDIDATE FILED,0
Hardy,PRECINCT 6,DEM FOR CONGRESSIONAL DIST EXEC COMMITTEE DIST 2 FEMALE,,DEM,NO CANDIDATE FILED,0
Hardy,PRECINCT 7,DEM FOR CONGRESSIONAL DIST EXEC COMMITTEE DIST 2 FEMALE,,DEM,NO CANDIDATE FILED,0
Hardy,PRECINCT 12,DEM FOR CONGRESSIONAL DIST EXEC COMMITTEE DIST 2 FEMALE,,DEM,NO CANDIDATE FILED,0
Hardy,PRECINCT 13,DEM FOR CONGRESSIONAL DIST EXEC COMMITTEE DIST 2 FEMALE,,DEM,NO CANDIDATE FILED,0
Hardy,PRECINCT 14,DEM FOR CONGRESSIONAL DIST EXEC COMMITTEE DIST 2 FEMALE,,DEM,NO CANDIDATE FILED,0
Hardy,PRECINCT 15,DEM FOR CONGRESSIONAL DIST EXEC COMMITTEE DIST 2 FEMALE,,DEM,NO CANDIDATE FILED,0
Hardy,PRECINCT 16,DEM FOR CONGRESSIONAL DIST EXEC COMMITTEE DIST 2 FEMALE,,DEM,NO CANDIDATE FILED,0
Hardy,PRECINCT 18,DEM FOR CONGRESSIONAL DIST EXEC COMMITTEE DIST 2 FEMALE,,DEM,NO CANDIDATE FILED,0
Hardy,PRECINCT 19,DEM FOR CONGRESSIONAL DIST EXEC COMMITTEE DIST 2 FEMALE,,DEM,NO CANDIDATE FILED,0
Hardy,PRECINCT 20,DEM FOR CONGRESSIONAL DIST EXEC COMMITTEE DIST 2 FEMALE,,DEM,NO CANDIDATE FILED,0
Hardy,PRECINCT 1A,REP FOR CONGRESSIONAL DIST EXEC COMMITTEE DIST 2 MALE,,REP,NO CANDIDATE FILED,0
Hardy,PRECINCT 1B,REP FOR CONGRESSIONAL DIST EXEC COMMITTEE DIST 2 MALE,,REP,NO CANDIDATE FILED,0
Hardy,PRECINCT 2A,REP FOR CONGRESSIONAL DIST EXEC COMMITTEE DIST 2 MALE,,REP,NO CANDIDATE FILED,0
Hardy,PRECINCT 2B,REP FOR CONGRESSIONAL DIST EXEC COMMITTEE DIST 2 MALE,,REP,NO CANDIDATE FILED,0
Hardy,PRECINCT 3,REP FOR CONGRESSIONAL DIST EXEC COMMITTEE DIST 2 MALE,,REP,NO CANDIDATE FILED,0
Hardy,PRECINCT 5,REP FOR CONGRESSIONAL DIST EXEC COMMITTEE DIST 2 MALE,,REP,NO CANDIDATE FILED,0
Hardy,PRECINCT 6,REP FOR CONGRESSIONAL DIST EXEC COMMITTEE DIST 2 MALE,,REP,NO CANDIDATE FILED,0
Hardy,PRECINCT 7,REP FOR CONGRESSIONAL DIST EXEC COMMITTEE DIST 2 MALE,,REP,NO CANDIDATE FILED,0
Hardy,PRECINCT 12,REP FOR CONGRESSIONAL DIST EXEC COMMITTEE DIST 2 MALE,,REP,NO CANDIDATE FILED,0
Hardy,PRECINCT 13,REP FOR CONGRESSIONAL DIST EXEC COMMITTEE DIST 2 MALE,,REP,NO CANDIDATE FILED,0
Hardy,PRECINCT 14,REP FOR CONGRESSIONAL DIST EXEC COMMITTEE DIST 2 MALE,,REP,NO CANDIDATE FILED,0
Hardy,PRECINCT 15,REP FOR CONGRESSIONAL DIST EXEC COMMITTEE DIST 2 MALE,,REP,NO CANDIDATE FILED,0
Hardy,PRECINCT 16,REP FOR CONGRESSIONAL DIST EXEC COMMITTEE DIST 2 MALE,,REP,NO CANDIDATE FILED,0
Hardy,PRECINCT 18,REP FOR CONGRESSIONAL DIST EXEC COMMITTEE DIST 2 MALE,,REP,NO CANDIDATE FILED,0
Hardy,PRECINCT 19,REP FOR CONGRESSIONAL DIST EXEC COMMITTEE DIST 2 MALE,,REP,NO CANDIDATE FILED,0
Hardy,PRECINCT 20,REP FOR CONGRESSIONAL DIST EXEC COMMITTEE DIST 2 MALE,,REP,NO CANDIDATE FILED,0
Hardy,PRECINCT 1A,DEM FOR CONGRESSIONAL DIST EXEC COMMITTEE DIST 2 MALE,,DEM,NO CANDIDATE FILED,0
Hardy,PRECINCT 1B,DEM FOR CONGRESSIONAL DIST EXEC COMMITTEE DIST 2 MALE,,DEM,NO CANDIDATE FILED,0
Hardy,PRECINCT 2A,DEM FOR CONGRESSIONAL DIST EXEC COMMITTEE DIST 2 MALE,,DEM,NO CANDIDATE FILED,0
Hardy,PRECINCT 2B,DEM FOR CONGRESSIONAL DIST EXEC COMMITTEE DIST 2 MALE,,DEM,NO CANDIDATE FILED,0
Hardy,PRECINCT 3,DEM FOR CONGRESSIONAL DIST EXEC COMMITTEE DIST 2 MALE,,DEM,NO CANDIDATE FILED,0
Hardy,PRECINCT 5,DEM FOR CONGRESSIONAL DIST EXEC COMMITTEE DIST 2 MALE,,DEM,NO CANDIDATE FILED,0
Hardy,PRECINCT 6,DEM FOR CONGRESSIONAL DIST EXEC COMMITTEE DIST 2 MALE,,DEM,NO CANDIDATE FILED,0
Hardy,PRECINCT 7,DEM FOR CONGRESSIONAL DIST EXEC COMMITTEE DIST 2 MALE,,DEM,NO CANDIDATE FILED,0
Hardy,PRECINCT 12,DEM FOR CONGRESSIONAL DIST EXEC COMMITTEE DIST 2 MALE,,DEM,NO CANDIDATE FILED,0
Hardy,PRECINCT 13,DEM FOR CONGRESSIONAL DIST EXEC COMMITTEE DIST 2 MALE,,DEM,NO CANDIDATE FILED,0
Hardy,PRECINCT 14,DEM FOR CONGRESSIONAL DIST EXEC COMMITTEE DIST 2 MALE,,DEM,NO CANDIDATE FILED,0
Hardy,PRECINCT 15,DEM FOR CONGRESSIONAL DIST EXEC COMMITTEE DIST 2 MALE,,DEM,NO CANDIDATE FILED,0
Hardy,PRECINCT 16,DEM FOR CONGRESSIONAL DIST EXEC COMMITTEE DIST 2 MALE,,DEM,NO CANDIDATE FILED,0
Hardy,PRECINCT 18,DEM FOR CONGRESSIONAL DIST EXEC COMMITTEE DIST 2 MALE,,DEM,NO CANDIDATE FILED,0
Hardy,PRECINCT 19,DEM FOR CONGRESSIONAL DIST EXEC COMMITTEE DIST 2 MALE,,DEM,NO CANDIDATE FILED,0
Hardy,PRECINCT 20,DEM FOR CONGRESSIONAL DIST EXEC COMMITTEE DIST 2 MALE,,DEM,NO CANDIDATE FILED,0
Hardy,PRECINCT 1A,REP FOR SENATORIAL EXEC COMMITTEE D14,,REP,NO CANDIDATE FILED,0
Hardy,PRECINCT 1B,REP FOR SENATORIAL EXEC COMMITTEE D14,,REP,NO CANDIDATE FILED,0
Hardy,PRECINCT 2A,REP FOR SENATORIAL EXEC COMMITTEE D14,,REP,NO CANDIDATE FILED,0
Hardy,PRECINCT 2B,REP FOR SENATORIAL EXEC COMMITTEE D14,,REP,NO CANDIDATE FILED,0
Hardy,PRECINCT 3,REP FOR SENATORIAL EXEC COMMITTEE D14,,REP,NO CANDIDATE FILED,0
Hardy,PRECINCT 5,REP FOR SENATORIAL EXEC COMMITTEE D14,,REP,NO CANDIDATE FILED,0
Hardy,PRECINCT 6,REP FOR SENATORIAL EXEC COMMITTEE D14,,REP,NO CANDIDATE FILED,0
Hardy,PRECINCT 7,REP FOR SENATORIAL EXEC COMMITTEE D14,,REP,NO CANDIDATE FILED,0
Hardy,PRECINCT 12,REP FOR SENATORIAL EXEC COMMITTEE D14,,REP,NO CANDIDATE FILED,0
Hardy,PRECINCT 13,REP FOR SENATORIAL EXEC COMMITTEE D14,,REP,NO CANDIDATE FILED,0
Hardy,PRECINCT 14,REP FOR SENATORIAL EXEC COMMITTEE D14,,REP,NO CANDIDATE FILED,0
Hardy,PRECINCT 15,REP FOR SENATORIAL EXEC COMMITTEE D14,,REP,NO CANDIDATE FILED,0
Hardy,PRECINCT 16,REP FOR SENATORIAL EXEC COMMITTEE D14,,REP,NO CANDIDATE FILED,0
Hardy,PRECINCT 18,REP FOR SENATORIAL EXEC COMMITTEE D14,,REP,NO CANDIDATE FILED,0
Hardy,PRECINCT 19,REP FOR SENATORIAL EXEC COMMITTEE D14,,REP,NO CANDIDATE FILED,0
Hardy,PRECINCT 20,REP FOR SENATORIAL EXEC COMMITTEE D14,,REP,NO CANDIDATE FILED,0
Hardy,PRECINCT 1A,DEM FOR SENATORIAL EXEC COMMITTEE D14,,DEM,NO CANDIDATE FILED,0
Hardy,PRECINCT 1B,DEM FOR SENATORIAL EXEC COMMITTEE D14,,DEM,NO CANDIDATE FILED,0
Hardy,PRECINCT 2A,DEM FOR SENATORIAL EXEC COMMITTEE D14,,DEM,NO CANDIDATE FILED,0
Hardy,PRECINCT 2B,DEM FOR SENATORIAL EXEC COMMITTEE D14,,DEM,NO CANDIDATE FILED,0
Hardy,PRECINCT 3,DEM FOR SENATORIAL EXEC COMMITTEE D14,,DEM,NO CANDIDATE FILED,0
Hardy,PRECINCT 5,DEM FOR SENATORIAL EXEC COMMITTEE D14,,DEM,NO CANDIDATE FILED,0
Hardy,PRECINCT 6,DEM FOR SENATORIAL EXEC COMMITTEE D14,,DEM,NO CANDIDATE FILED,0
Hardy,PRECINCT 7,DEM FOR SENATORIAL EXEC COMMITTEE D14,,DEM,NO CANDIDATE FILED,0
Hardy,PRECINCT 12,DEM FOR SENATORIAL EXEC COMMITTEE D14,,DEM,NO CANDIDATE FILED,0
Hardy,PRECINCT 13,DEM FOR SENATORIAL EXEC COMMITTEE D14,,DEM,NO CANDIDATE FILED,0
Hardy,PRECINCT 14,DEM FOR SENATORIAL EXEC COMMITTEE D14,,DEM,NO CANDIDATE FILED,0
Hardy,PRECINCT 15,DEM FOR SENATORIAL EXEC COMMITTEE D14,,DEM,NO CANDIDATE FILED,0
Hardy,PRECINCT 16,DEM FOR SENATORIAL EXEC COMMITTEE D14,,DEM,NO CANDIDATE FILED,0
Hardy,PRECINCT 18,DEM FOR SENATORIAL EXEC COMMITTEE D14,,DEM,NO CANDIDATE FILED,0
Hardy,PRECINCT 19,DEM FOR SENATORIAL EXEC COMMITTEE D14,,DEM,NO CANDIDATE FILED,0
Hardy,PRECINCT 20,DEM FOR SENATORIAL EXEC COMMITTEE D14,,DEM,NO CANDIDATE FILED,0
Hardy,PRECINCT 1A,REP FOR DELEGATE DIST EXEC COMMITTEE DIST 86 FEMALE,,REP,NO CANDIDATE FILED,0
Hardy,PRECINCT 1B,REP FOR DELEGATE DIST EXEC COMMITTEE DIST 86 FEMALE,,REP,NO CANDIDATE FILED,0
Hardy,PRECINCT 2A,REP FOR DELEGATE DIST EXEC COMMITTEE DIST 86 FEMALE,,REP,NO CANDIDATE FILED,0
Hardy,PRECINCT 2B,REP FOR DELEGATE DIST EXEC COMMITTEE DIST 86 FEMALE,,REP,NO CANDIDATE FILED,0
Hardy,PRECINCT 3,REP FOR DELEGATE DIST EXEC COMMITTEE DIST 86 FEMALE,,REP,NO CANDIDATE FILED,0
Hardy,PRECINCT 5,REP FOR DELEGATE DIST EXEC COMMITTEE DIST 86 FEMALE,,REP,NO CANDIDATE FILED,0
Hardy,PRECINCT 6,REP FOR DELEGATE DIST EXEC COMMITTEE DIST 86 FEMALE,,REP,NO CANDIDATE FILED,0
Hardy,PRECINCT 7,REP FOR DELEGATE DIST EXEC COMMITTEE DIST 86 FEMALE,,REP,NO CANDIDATE FILED,0
Hardy,PRECINCT 12,REP FOR DELEGATE DIST EXEC COMMITTEE DIST 86 FEMALE,,REP,NO CANDIDATE FILED,0
Hardy,PRECINCT 13,REP FOR DELEGATE DIST EXEC COMMITTEE DIST 86 FEMALE,,REP,NO CANDIDATE FILED,0
Hardy,PRECINCT 14,REP FOR DELEGATE DIST EXEC COMMITTEE DIST 86 FEMALE,,REP,NO CANDIDATE FILED,0
Hardy,PRECINCT 15,REP FOR DELEGATE DIST EXEC COMMITTEE DIST 86 FEMALE,,REP,NO CANDIDATE FILED,0
Hardy,PRECINCT 16,REP FOR DELEGATE DIST EXEC COMMITTEE DIST 86 FEMALE,,REP,NO CANDIDATE FILED,0
Hardy,PRECINCT 18,REP FOR DELEGATE DIST EXEC COMMITTEE DIST 86 FEMALE,,REP,NO CANDIDATE FILED,0
Hardy,PRECINCT 19,REP FOR DELEGATE DIST EXEC COMMITTEE DIST 86 FEMALE,,REP,NO CANDIDATE FILED,0
Hardy,PRECINCT 20,REP FOR DELEGATE DIST EXEC COMMITTEE DIST 86 FEMALE,,REP,NO CANDIDATE FILED,0
Hardy,PRECINCT 1A,DEM FOR DELEGATE DIST EXEC COMMITTEE DIST 86 FEMALE,,DEM,NO CANDIDATE FILED,0
Hardy,PRECINCT 1B,DEM FOR DELEGATE DIST EXEC COMMITTEE DIST 86 FEMALE,,DEM,NO CANDIDATE FILED,0
Hardy,PRECINCT 2A,DEM FOR DELEGATE DIST EXEC COMMITTEE DIST 86 FEMALE,,DEM,NO CANDIDATE FILED,0
Hardy,PRECINCT 2B,DEM FOR DELEGATE DIST EXEC COMMITTEE DIST 86 FEMALE,,DEM,NO CANDIDATE FILED,0
Hardy,PRECINCT 3,DEM FOR DELEGATE DIST EXEC COMMITTEE DIST 86 FEMALE,,DEM,NO CANDIDATE FILED,0
Hardy,PRECINCT 5,DEM FOR DELEGATE DIST EXEC COMMITTEE DIST 86 FEMALE,,DEM,NO CANDIDATE FILED,0
Hardy,PRECINCT 6,DEM FOR DELEGATE DIST EXEC COMMITTEE DIST 86 FEMALE,,DEM,NO CANDIDATE FILED,0
Hardy,PRECINCT 7,DEM FOR DELEGATE DIST EXEC COMMITTEE DIST 86 FEMALE,,DEM,NO CANDIDATE FILED,0
Hardy,PRECINCT 12,DEM FOR DELEGATE DIST EXEC COMMITTEE DIST 86 FEMALE,,DEM,NO CANDIDATE FILED,0
Hardy,PRECINCT 13,DEM FOR DELEGATE DIST EXEC COMMITTEE DIST 86 FEMALE,,DEM,NO CANDIDATE FILED,0
Hardy,PRECINCT 14,DEM FOR DELEGATE DIST EXEC COMMITTEE DIST 86 FEMALE,,DEM,NO CANDIDATE FILED,0
Hardy,PRECINCT 15,DEM FOR DELEGATE DIST EXEC COMMITTEE DIST 86 FEMALE,,DEM,NO CANDIDATE FILED,0
Hardy,PRECINCT 16,DEM FOR DELEGATE DIST EXEC COMMITTEE DIST 86 FEMALE,,DEM,NO CANDIDATE FILED,0
Hardy,PRECINCT 18,DEM FOR DELEGATE DIST EXEC COMMITTEE DIST 86 FEMALE,,DEM,NO CANDIDATE FILED,0
Hardy,PRECINCT 19,DEM FOR DELEGATE DIST EXEC COMMITTEE DIST 86 FEMALE,,DEM,NO CANDIDATE FILED,0
Hardy,PRECINCT 20,DEM FOR DELEGATE DIST EXEC COMMITTEE DIST 86 FEMALE,,DEM,NO CANDIDATE FILED,0
Hardy,PRECINCT 1A,REP FOR DELEGATE DIST EXEC COMMITTEE DIST 86 MALE,,REP,ROBERT CLASS,5
Hardy,PRECINCT 1B,REP FOR DELEGATE DIST EXEC COMMITTEE DIST 86 MALE,,REP,ROBERT CLASS,52
Hardy,PRECINCT 2A,REP FOR DELEGATE DIST EXEC COMMITTEE DIST 86 MALE,,REP,ROBERT CLASS,4
Hardy,PRECINCT 2B,REP FOR DELEGATE DIST EXEC COMMITTEE DIST 86 MALE,,REP,ROBERT CLASS,39
Hardy,PRECINCT 3,REP FOR DELEGATE DIST EXEC COMMITTEE DIST 86 MALE,,REP,ROBERT CLASS,38
Hardy,PRECINCT 5,REP FOR DELEGATE DIST EXEC COMMITTEE DIST 86 MALE,,REP,ROBERT CLASS,61
Hardy,PRECINCT 6,REP FOR DELEGATE DIST EXEC COMMITTEE DIST 86 MALE,,REP,ROBERT CLASS,77
Hardy,PRECINCT 7,REP FOR DELEGATE DIST EXEC COMMITTEE DIST 86 MALE,,REP,ROBERT CLASS,49
Hardy,PRECINCT 12,REP FOR DELEGATE DIST EXEC COMMITTEE DIST 86 MALE,,REP,ROBERT CLASS,58
Hardy,PRECINCT 13,REP FOR DELEGATE DIST EXEC COMMITTEE DIST 86 MALE,,REP,ROBERT CLASS,51
Hardy,PRECINCT 14,REP FOR DELEGATE DIST EXEC COMMITTEE DIST 86 MALE,,REP,ROBERT CLASS,44
Hardy,PRECINCT 15,REP FOR DELEGATE DIST EXEC COMMITTEE DIST 86 MALE,,REP,ROBERT CLASS,37
Hardy,PRECINCT 16,REP FOR DELEGATE DIST EXEC COMMITTEE DIST 86 MALE,,REP,ROBERT CLASS,103
Hardy,PRECINCT 18,REP FOR DELEGATE DIST EXEC COMMITTEE DIST 86 MALE,,REP,ROBERT CLASS,65
Hardy,PRECINCT 19,REP FOR DELEGATE DIST EXEC COMMITTEE DIST 86 MALE,,REP,ROBERT CLASS,84
Hardy,PRECINCT 20,REP FOR DELEGATE DIST EXEC COMMITTEE DIST 86 MALE,,REP,ROBERT CLASS,23
Hardy,PRECINCT 1A,DEM FOR DELEGATE DIST EXEC COMMITTEE DIST 86 MALE,,DEM,NO CANDIDATE FILED,0
Hardy,PRECINCT 1B,DEM FOR DELEGATE DIST EXEC COMMITTEE DIST 86 MALE,,DEM,NO CANDIDATE FILED,0
Hardy,PRECINCT 2A,DEM FOR DELEGATE DIST EXEC COMMITTEE DIST 86 MALE,,DEM,NO CANDIDATE FILED,0
Hardy,PRECINCT 2B,DEM FOR DELEGATE DIST EXEC COMMITTEE DIST 86 MALE,,DEM,NO CANDIDATE FILED,0
Hardy,PRECINCT 3,DEM FOR DELEGATE DIST EXEC COMMITTEE DIST 86 MALE,,DEM,NO CANDIDATE FILED,0
Hardy,PRECINCT 5,DEM FOR DELEGATE DIST EXEC COMMITTEE DIST 86 MALE,,DEM,NO CANDIDATE FILED,0
Hardy,PRECINCT 6,DEM FOR DELEGATE DIST EXEC COMMITTEE DIST 86 MALE,,DEM,NO CANDIDATE FILED,0
Hardy,PRECINCT 7,DEM FOR DELEGATE DIST EXEC COMMITTEE DIST 86 MALE,,DEM,NO CANDIDATE FILED,0
Hardy,PRECINCT 12,DEM FOR DELEGATE DIST EXEC COMMITTEE DIST 86 MALE,,DEM,NO CANDIDATE FILED,0
Hardy,PRECINCT 13,DEM FOR DELEGATE DIST EXEC COMMITTEE DIST 86 MALE,,DEM,NO CANDIDATE FILED,0
Hardy,PRECINCT 14,DEM FOR DELEGATE DIST EXEC COMMITTEE DIST 86 MALE,,DEM,NO CANDIDATE FILED,0
Hardy,PRECINCT 15,DEM FOR DELEGATE DIST EXEC COMMITTEE DIST 86 MALE,,DEM,NO CANDIDATE FILED,0
Hardy,PRECINCT 16,DEM FOR DELEGATE DIST EXEC COMMITTEE DIST 86 MALE,,DEM,NO CANDIDATE FILED,0
Hardy,PRECINCT 18,DEM FOR DELEGATE DIST EXEC COMMITTEE DIST 86 MALE,,DEM,NO CANDIDATE FILED,0
Hardy,PRECINCT 19,DEM FOR DELEGATE DIST EXEC COMMITTEE DIST 86 MALE,,DEM,NO CANDIDATE FILED,0
Hardy,PRECINCT 20,DEM FOR DELEGATE DIST EXEC COMMITTEE DIST 86 MALE,,DEM,NO CANDIDATE FILED,0
Hardy,PRECINCT 1A,Supreme Court of Appeals,,,DIXIE T. BEAN,11
Hardy,PRECINCT 1B,Supreme Court of Appeals,,,DIXIE T. BEAN,57
Hardy,PRECINCT 2A,Supreme Court of Appeals,,,DIXIE T. BEAN,7
Hardy,PRECINCT 2B,Supreme Court of Appeals,,,DIXIE T. BEAN,30
Hardy,PRECINCT 3,Supreme Court of Appeals,,,DIXIE T. BEAN,41
Hardy,PRECINCT 5,Supreme Court of Appeals,,,DIXIE T. BEAN,65
Hardy,PRECINCT 6,Supreme Court of Appeals,,,DIXIE T. BEAN,51
Hardy,PRECINCT 7,Supreme Court of Appeals,,,DIXIE T. BEAN,46
Hardy,PRECINCT 12,Supreme Court of Appeals,,,DIXIE T. BEAN,124
Hardy,PRECINCT 13,Supreme Court of Appeals,,,DIXIE T. BEAN,95
Hardy,PRECINCT 14,Supreme Court of Appeals,,,DIXIE T. BEAN,87
Hardy,PRECINCT 15,Supreme Court of Appeals,,,DIXIE T. BEAN,47
Hardy,PRECINCT 16,Supreme Court of Appeals,,,DIXIE T. BEAN,183
Hardy,PRECINCT 18,Supreme Court of Appeals,,,DIXIE T. BEAN,105
Hardy,PRECINCT 19,Supreme Court of Appeals,,,DIXIE T. BEAN,101
Hardy,PRECINCT 20,Supreme Court of Appeals,,,DIXIE T. BEAN,32
Hardy,PRECINCT 1A,Supreme Court of Appeals,,,DANIEL (DJ) TAYLOR,6
Hardy,PRECINCT 1B,Supreme Court of Appeals,,,DANIEL (DJ) TAYLOR,40
Hardy,PRECINCT 2A,Supreme Court of Appeals,,,DANIEL (DJ) TAYLOR,2
Hardy,PRECINCT 2B,Supreme Court of Appeals,,,DANIEL (DJ) TAYLOR,24
Hardy,PRECINCT 3,Supreme Court of Appeals,,,DANIEL (DJ) TAYLOR,24
Hardy,PRECINCT 5,Supreme Court of Appeals,,,DANIEL (DJ) TAYLOR,64
Hardy,PRECINCT 6,Supreme Court of Appeals,,,DANIEL (DJ) TAYLOR,44
Hardy,PRECINCT 7,Supreme Court of Appeals,,,DANIEL (DJ) TAYLOR,33
Hardy,PRECINCT 12,Supreme Court of Appeals,,,DANIEL (DJ) TAYLOR,91
Hardy,PRECINCT 13,Supreme Court of Appeals,,,DANIEL (DJ) TAYLOR,89
Hardy,PRECINCT 14,Supreme Court of Appeals,,,DANIEL (DJ) TAYLOR,90
Hardy,PRECINCT 15,Supreme Court of Appeals,,,DANIEL (DJ) TAYLOR,36
Hardy,PRECINCT 16,Supreme Court of Appeals,,,DANIEL (DJ) TAYLOR,223
Hardy,PRECINCT 18,Supreme Court of Appeals,,,DANIEL (DJ) TAYLOR,121
Hardy,PRECINCT 19,Supreme Court of Appeals,,,DANIEL (DJ) TAYLOR,143
Hardy,PRECINCT 20,Supreme Court of Appeals,,,DANIEL (DJ) TAYLOR,34
Hardy,PRECINCT 1A,Supreme Court of Appeals,,,ED A COLE Jr.,1
Hardy,PRECINCT 1B,Supreme Court of Appeals,,,ED A COLE Jr.,8
Hardy,PRECINCT 2A,Supreme Court of Appeals,,,ED A COLE Jr.,2
Hardy,PRECINCT 2B,Supreme Court of Appeals,,,ED A COLE Jr.,5
Hardy,PRECINCT 3,Supreme Court of Appeals,,,ED A COLE Jr.,5
Hardy,PRECINCT 5,Supreme Court of Appeals,,,ED A COLE Jr.,20
Hardy,PRECINCT 6,Supreme Court of Appeals,,,ED A COLE Jr.,10
Hardy,PRECINCT 7,Supreme Court of Appeals,,,ED A COLE Jr.,7
Hardy,PRECINCT 12,Supreme Court of Appeals,,,ED A COLE Jr.,87
Hardy,PRECINCT 13,Supreme Court of Appeals,,,ED A COLE Jr.,60
Hardy,PRECINCT 14,Supreme Court of Appeals,,,ED A COLE Jr.,88
Hardy,PRECINCT 15,Supreme Court of Appeals,,,ED A COLE Jr.,25
Hardy,PRECINCT 16,Supreme Court of Appeals,,,ED A COLE Jr.,126
Hardy,PRECINCT 18,Supreme Court of Appeals,,,ED A COLE Jr.,71
Hardy,PRECINCT 19,Supreme Court of Appeals,,,ED A COLE Jr.,81
Hardy,PRECINCT 20,Supreme Court of Appeals,,,ED A COLE Jr.,22
Hardy,PRECINCT 1A,Supreme Court of Appeals,,,SAMANTHA DENNIS,1
Hardy,PRECINCT 1B,Supreme Court of Appeals,,,SAMANTHA DENNIS,17
Hardy,PRECINCT 2A,Supreme Court of Appeals,,,SAMANTHA DENNIS,0
Hardy,PRECINCT 2B,Supreme Court of Appeals,,,SAMANTHA DENNIS,8
Hardy,PRECINCT 3,Supreme Court of Appeals,,,SAMANTHA DENNIS,10
Hardy,PRECINCT 5,Supreme Court of Appeals,,,SAMANTHA DENNIS,16
Hardy,PRECINCT 6,Supreme Court of Appeals,,,SAMANTHA DENNIS,14
Hardy,PRECINCT 7,Supreme Court of Appeals,,,SAMANTHA DENNIS,6
Hardy,PRECINCT 12,Supreme Court of Appeals,,,SAMANTHA DENNIS,32
Hardy,PRECINCT 13,Supreme Court of Appeals,,,SAMANTHA DENNIS,24
Hardy,PRECINCT 14,Supreme Court of Appeals,,,SAMANTHA DENNIS,35
Hardy,PRECINCT 15,Supreme Court of Appeals,,,SAMANTHA DENNIS,13
Hardy,PRECINCT 16,Supreme Court of Appeals,,,SAMANTHA DENNIS,68
Hardy,PRECINCT 18,Supreme Court of Appeals,,,SAMANTHA DENNIS,50
Hardy,PRECINCT 19,Supreme Court of Appeals,,,SAMANTHA DENNIS,89
Hardy,PRECINCT 20,Supreme Court of Appeals,,,SAMANTHA DENNIS,33
Hardy,PRECINCT 1A,Supreme Court of Appeals,,,JOHN ROSATO,7
Hardy,PRECINCT 1B,Supreme Court of Appeals,,,JOHN ROSATO,43
Hardy,PRECINCT 2A,Supreme Court of Appeals,,,JOHN ROSATO,5
Hardy,PRECINCT 2B,Supreme Court of Appeals,,,JOHN ROSATO,24
Hardy,PRECINCT 3,Supreme Court of Appeals,,,JOHN ROSATO,15
Hardy,PRECINCT 5,Supreme Court of Appeals,,,JOHN ROSATO,88
Hardy,PRECINCT 6,Supreme Court of Appeals,,,JOHN ROSATO,47
Hardy,PRECINCT 7,Supreme Court of Appeals,,,JOHN ROSATO,36
Hardy,PRECINCT 12,Supreme Court of Appeals,,,JOHN ROSATO,43
Hardy,PRECINCT 13,Supreme Court of Appeals,,,JOHN ROSATO,24
Hardy,PRECINCT 14,Supreme Court of Appeals,,,JOHN ROSATO,20
Hardy,PRECINCT 15,Supreme Court of Appeals,,,JOHN ROSATO,32
Hardy,PRECINCT 16,Supreme Court of Appeals,,,JOHN ROSATO,75
Hardy,PRECINCT 18,Supreme Court of Appeals,,,JOHN ROSATO,46
Hardy,PRECINCT 19,Supreme Court of Appeals,,,JOHN ROSATO,19
Hardy,PRECINCT 20,Supreme Court of Appeals,,,JOHN ROSATO,6
Hardy,PRECINCT 1A,Supreme Court of Appeals,,,SARA MAPHIS,11
Hardy,PRECINCT 1B,Supreme Court of Appeals,,,SARA MAPHIS,46
Hardy,PRECINCT 2A,Supreme Court of Appeals,,,SARA MAPHIS,5
Hardy,PRECINCT 2B,Supreme Court of Appeals,,,SARA MAPHIS,47
Hardy,PRECINCT 3,Supreme Court of Appeals,,,SARA MAPHIS,12
Hardy,PRECINCT 5,Supreme Court of Appeals,,,SARA MAPHIS,22
Hardy,PRECINCT 6,Supreme Court of Appeals,,,SARA MAPHIS,23
Hardy,PRECINCT 7,Supreme Court of Appeals,,,SARA MAPHIS,20
Hardy,PRECINCT 12,Supreme Court of Appeals,,,SARA MAPHIS,12
Hardy,PRECINCT 13,Supreme Court of Appeals,,,SARA MAPHIS,6
Hardy,PRECINCT 14,Supreme Court of Appeals,,,SARA MAPHIS,9
Hardy,PRECINCT 15,Supreme Court of Appeals,,,SARA MAPHIS,17
Hardy,PRECINCT 16,Supreme Court of Appeals,,,SARA MAPHIS,20
Hardy,PRECINCT 18,Supreme Court of Appeals,,,SARA MAPHIS,12
Hardy,PRECINCT 19,Supreme Court of Appeals,,,SARA MAPHIS,14
Hardy,PRECINCT 20,Supreme Court of Appeals,,,SARA MAPHIS,3
Hardy,PRECINCT 1A,Supreme Court of Appeals,,,NATHAN R DELAWDER,5
Hardy,PRECINCT 1B,Supreme Court of Appeals,,,NATHAN R DELAWDER,56
Hardy,PRECINCT 2A,Supreme Court of Appeals,,,NATHAN R DELAWDER,6
Hardy,PRECINCT 2B,Supreme Court of Appeals,,,NATHAN R DELAWDER,34
Hardy,PRECINCT 3,Supreme Court of Appeals,,,NATHAN R DELAWDER,43
Hardy,PRECINCT 5,Supreme Court of Appeals,,,NATHAN R DELAWDER,104
Hardy,PRECINCT 6,Supreme Court of Appeals,,,NATHAN R DELAWDER,101
Hardy,PRECINCT 7,Supreme Court of Appeals,,,NATHAN R DELAWDER,70
Hardy,PRECINCT 12,Supreme Court of Appeals,,,NATHAN R DELAWDER,25
Hardy,PRECINCT 13,Supreme Court of Appeals,,,NATHAN R DELAWDER,35
Hardy,PRECINCT 14,Supreme Court of Appeals,,,NATHAN R DELAWDER,23
Hardy,PRECINCT 15,Supreme Court of Appeals,,,NATHAN R DELAWDER,31
Hardy,PRECINCT 16,Supreme Court of Appeals,,,NATHAN R DELAWDER,79
Hardy,PRECINCT 18,Supreme Court of Appeals,,,NATHAN R DELAWDER,37
Hardy,PRECINCT 19,Supreme Court of Appeals,,,NATHAN R DELAWDER,67
Hardy,PRECINCT 20,Supreme Court of Appeals,,,NATHAN R DELAWDER,26
Hardy,PRECINCT 1A,Supreme Court of Appeals,,,DALLAS WILKINS,2
Hardy,PRECINCT 1B,Supreme Court of Appeals,,,DALLAS WILKINS,29
Hardy,PRECINCT 2A,Supreme Court of Appeals,,,DALLAS WILKINS,3
Hardy,PRECINCT 2B,Supreme Court of Appeals,,,DALLAS WILKINS,26
Hardy,PRECINCT 3,Supreme Court of Appeals,,,DALLAS WILKINS,25
Hardy,PRECINCT 5,Supreme Court of Appeals,,,DALLAS WILKINS,78
Hardy,PRECINCT 6,Supreme Court of Appeals,,,DALLAS WILKINS,59
Hardy,PRECINCT 7,Supreme Court of Appeals,,,DALLAS WILKINS,54
Hardy,PRECINCT 12,Supreme Court of Appeals,,,DALLAS WILKINS,22
Hardy,PRECINCT 13,Supreme Court of Appeals,,,DALLAS WILKINS,21
Hardy,PRECINCT 14,Supreme Court of Appeals,,,DALLAS WILKINS,14
Hardy,PRECINCT 15,Supreme Court of Appeals,,,DALLAS WILKINS,30
Hardy,PRECINCT 16,Supreme Court of Appeals,,,DALLAS WILKINS,36
Hardy,PRECINCT 18,Supreme Court of Appeals,,,DALLAS WILKINS,19
Hardy,PRECINCT 19,Supreme Court of Appeals,,,DALLAS WILKINS,17
Hardy,PRECINCT 20,Supreme Court of Appeals,,,DALLAS WILKINS,12
Hardy,PRECINCT 1A,Supreme Court of Appeals,,,MELVIN F. SHOOK Jr.,11
Hardy,PRECINCT 1B,Supreme Court of Appeals,,,MELVIN F. SHOOK Jr.,72
Hardy,PRECINCT 2A,Supreme Court of Appeals,,,MELVIN F. SHOOK Jr.,8
Hardy,PRECINCT 2B,Supreme Court of Appeals,,,MELVIN F. SHOOK Jr.,55
Hardy,PRECINCT 3,Supreme Court of Appeals,,,MELVIN F. SHOOK Jr.,46
Hardy,PRECINCT 5,Supreme Court of Appeals,,,MELVIN F. SHOOK Jr.,114
Hardy,PRECINCT 6,Supreme Court of Appeals,,,MELVIN F. SHOOK Jr.,105
Hardy,PRECINCT 7,Supreme Court of Appeals,,,MELVIN F. SHOOK Jr.,63
Hardy,PRECINCT 12,Supreme Court of Appeals,,,MELVIN F. SHOOK Jr.,87
Hardy,PRECINCT 13,Supreme Court of Appeals,,,MELVIN F. SHOOK Jr.,86
Hardy,PRECINCT 14,Supreme Court of Appeals,,,MELVIN F. SHOOK Jr.,61
Hardy,PRECINCT 15,Supreme Court of Appeals,,,MELVIN F. SHOOK Jr.,57
Hardy,PRECINCT 16,Supreme Court of Appeals,,,MELVIN F. SHOOK Jr.,127
Hardy,PRECINCT 18,Supreme Court of Appeals,,,MELVIN F. SHOOK Jr.,93
Hardy,PRECINCT 19,Supreme Court of Appeals,,,MELVIN F. SHOOK Jr.,88
Hardy,PRECINCT 20,Supreme Court of Appeals,,,MELVIN F. SHOOK Jr.,28
Hardy,PRECINCT 1A,Supreme Court of Appeals,,,MARK RAY,0
Hardy,PRECINCT 1B,Supreme Court of Appeals,,,MARK RAY,12
Hardy,PRECINCT 2A,Supreme Court of Appeals,,,MARK RAY,0
Hardy,PRECINCT 2B,Supreme Court of Appeals,,,MARK RAY,2
Hardy,PRECINCT 3,Supreme Court of Appeals,,,MARK RAY,8
Hardy,PRECINCT 5,Supreme Court of Appeals,,,MARK RAY,5
Hardy,PRECINCT 6,Supreme Court of Appeals,,,MARK RAY,5
Hardy,PRECINCT 7,Supreme Court of Appeals,,,MARK RAY,5
Hardy,PRECINCT 12,Supreme Court of Appeals,,,MARK RAY,30
Hardy,PRECINCT 13,Supreme Court of Appeals,,,MARK RAY,19
Hardy,PRECINCT 14,Supreme Court of Appeals,,,MARK RAY,24
Hardy,PRECINCT 15,Supreme Court of Appeals,,,MARK RAY,5
Hardy,PRECINCT 16,Supreme Court of Appeals,,,MARK RAY,57
Hardy,PRECINCT 18,Supreme Court of Appeals,,,MARK RAY,35
Hardy,PRECINCT 19,Supreme Court of Appeals,,,MARK RAY,35
Hardy,PRECINCT 20,Supreme Court of Appeals,,,MARK RAY,11
Hardy,PRECINCT 1A,FOR CONSERVATION DISTRICT SUPERVISOR,,,RONALD L MILLER,18
Hardy,PRECINCT 1B,FOR CONSERVATION DISTRICT SUPERVISOR,,,RONALD L MILLER,120
Hardy,PRECINCT 2A,FOR CONSERVATION DISTRICT SUPERVISOR,,,RONALD L MILLER,12
Hardy,PRECINCT 2B,FOR CONSERVATION DISTRICT SUPERVISOR,,,RONALD L MILLER,91
Hardy,PRECINCT 3,FOR CONSERVATION DISTRICT SUPERVISOR,,,RONALD L MILLER,72
Hardy,PRECINCT 5,FOR CONSERVATION DISTRICT SUPERVISOR,,,RONALD L MILLER,220
Hardy,PRECINCT 6,FOR CONSERVATION DISTRICT SUPERVISOR,,,RONALD L MILLER,163
Hardy,PRECINCT 7,FOR CONSERVATION DISTRICT SUPERVISOR,,,RONALD L MILLER,125
Hardy,PRECINCT 12,FOR CONSERVATION DISTRICT SUPERVISOR,,,RONALD L MILLER,149
Hardy,PRECINCT 13,FOR CONSERVATION DISTRICT SUPERVISOR,,,RONALD L MILLER,115
Hardy,PRECINCT 14,FOR CONSERVATION DISTRICT SUPERVISOR,,,RONALD L MILLER,128
Hardy,PRECINCT 15,FOR CONSERVATION DISTRICT SUPERVISOR,,,RONALD L MILLER,92
Hardy,PRECINCT 16,FOR CONSERVATION DISTRICT SUPERVISOR,,,RONALD L MILLER,287
Hardy,PRECINCT 18,FOR CONSERVATION DISTRICT SUPERVISOR,,,RONALD L MILLER,151
Hardy,PRECINCT 19,FOR CONSERVATION DISTRICT SUPERVISOR,,,RONALD L MILLER,172
Hardy,PRECINCT 20,FOR CONSERVATION DISTRICT SUPERVISOR,,,RONALD L MILLER,50
Hardy,PRECINCT 1A,REP FOR COUNTY EXEC COMMITTEE,,REP,SHERRI HOF,7
Hardy,PRECINCT 1B,REP FOR COUNTY EXEC COMMITTEE,,REP,SHERRI HOF,61
Hardy,PRECINCT 2A,REP FOR COUNTY EXEC COMMITTEE,,REP,SHERRI HOF,3
Hardy,PRECINCT 2B,REP FOR COUNTY EXEC COMMITTEE,,REP,SHERRI HOF,45
Hardy,PRECINCT 3,REP FOR COUNTY EXEC COMMITTEE,,REP,SHERRI HOF,40
Hardy,PRECINCT 15,REP FOR COUNTY EXEC COMMITTEE,,REP,SHERRI HOF,44
Hardy,PRECINCT 1A,DEM FOR COUNTY EXEC COMMITTEE,,DEM,NO CANDIDATE FILED,0
Hardy,PRECINCT 1B,DEM FOR COUNTY EXEC COMMITTEE,,DEM,NO CANDIDATE FILED,0
Hardy,PRECINCT 2A,DEM FOR COUNTY EXEC COMMITTEE,,DEM,NO CANDIDATE FILED,0
Hardy,PRECINCT 2B,DEM FOR COUNTY EXEC COMMITTEE,,DEM,NO CANDIDATE FILED,0
Hardy,PRECINCT 3,DEM FOR COUNTY EXEC COMMITTEE,,DEM,NO CANDIDATE FILED,0
Hardy,PRECINCT 15,DEM FOR COUNTY EXEC COMMITTEE,,DEM,NO CANDIDATE FILED,0
Hardy,PRECINCT 1A,REP FOR COUNTY EXEC COMMITTEE,,REP,COLIN VALENTINE,6
Hardy,PRECINCT 1B,REP FOR COUNTY EXEC COMMITTEE,,REP,COLIN VALENTINE,57
Hardy,PRECINCT 2A,REP FOR COUNTY EXEC COMMITTEE,,REP,COLIN VALENTINE,3
Hardy,PRECINCT 2B,REP FOR COUNTY EXEC COMMITTEE,,REP,COLIN VALENTINE,43
Hardy,PRECINCT 3,REP FOR COUNTY EXEC COMMITTEE,,REP,COLIN VALENTINE,40
Hardy,PRECINCT 15,REP FOR COUNTY EXEC COMMITTEE,,REP,COLIN VALENTINE,38
Hardy,PRECINCT 5,REP FOR COUNTY EXEC COMMITTEE,,REP,NO CANDIDATE FILED,0
Hardy,PRECINCT 6,REP FOR COUNTY EXEC COMMITTEE,,REP,NO CANDIDATE FILED,0
Hardy,PRECINCT 7,REP FOR COUNTY EXEC COMMITTEE,,REP,NO CANDIDATE FILED,0
Hardy,PRECINCT 5,DEM FOR COUNTY EXEC COMMITTEE,,DEM,NO CANDIDATE FILED,0
Hardy,PRECINCT 6,DEM FOR COUNTY EXEC COMMITTEE,,DEM,NO CANDIDATE FILED,0
Hardy,PRECINCT 7,DEM FOR COUNTY EXEC COMMITTEE,,DEM,NO CANDIDATE FILED,0
Hardy,PRECINCT 5,REP FOR COUNTY EXEC COMMITTEE,,REP,DALLAS WILKINS,80
Hardy,PRECINCT 6,REP FOR COUNTY EXEC COMMITTEE,,REP,DALLAS WILKINS,85
Hardy,PRECINCT 7,REP FOR COUNTY EXEC COMMITTEE,,REP,DALLAS WILKINS,63
Hardy,PRECINCT 5,DEM FOR COUNTY EXEC COMMITTEE,,DEM,DEREK HOWARD,90
Hardy,PRECINCT 6,DEM FOR COUNTY EXEC COMMITTEE,,DEM,DEREK HOWARD,39
Hardy,PRECINCT 7,DEM FOR COUNTY EXEC COMMITTEE,,DEM,DEREK HOWARD,33
Hardy,PRECINCT 13,REP FOR COUNTY EXEC COMMITTEE,,REP,NO CANDIDATE FILED,0
Hardy,PRECINCT 14,REP FOR COUNTY EXEC COMMITTEE,,REP,NO CANDIDATE FILED,0
Hardy,PRECINCT 13,DEM FOR COUNTY EXEC COMMITTEE,,DEM,ELIZABETH SEE,48
Hardy,PRECINCT 14,DEM FOR COUNTY EXEC COMMITTEE,,DEM,ELIZABETH SEE,71
Hardy,PRECINCT 13,DEM FOR COUNTY EXEC COMMITTEE,,DEM,NO CANDIDATE FILED,0
Hardy,PRECINCT 14,DEM FOR COUNTY EXEC COMMITTEE,,DEM,NO CANDIDATE FILED,0
Hardy,PRECINCT 12,REP FOR COUNTY EXEC COMMITTEE,,REP,DEBRA ELLEN BLUSTEIN,59
Hardy,PRECINCT 16,REP FOR COUNTY EXEC COMMITTEE,,REP,DEBRA ELLEN BLUSTEIN,118
Hardy,PRECINCT 12,DEM FOR COUNTY EXEC COMMITTEE,,DEM,NO CANDIDATE FILED,0
Hardy,PRECINCT 16,DEM FOR COUNTY EXEC COMMITTEE,,DEM,NO CANDIDATE FILED,0
Hardy,PRECINCT 12,REP FOR COUNTY EXEC COMMITTEE,,REP,ROBERT CLASS,44
Hardy,PRECINCT 16,REP FOR COUNTY EXEC COMMITTEE,,REP,ROBERT CLASS,59
Hardy,PRECINCT 12,REP FOR COUNTY EXEC COMMITTEE,,REP,STEPHEN G. SMITH,33
Hardy,PRECINCT 16,REP FOR COUNTY EXEC COMMITTEE,,REP,STEPHEN G. SMITH,99
Hardy,PRECINCT 12,DEM FOR COUNTY EXEC COMMITTEE,,DEM,DAVID W. JOPLING,73
Hardy,PRECINCT 16,DEM FOR COUNTY EXEC COMMITTEE,,DEM,DAVID W. JOPLING,137
Hardy,PRECINCT 18,REP FOR COUNTY EXEC COMMITTEE,,REP,JOYCE SCHETROM,105
Hardy,PRECINCT 19,REP FOR COUNTY EXEC COMMITTEE,,REP,JOYCE SCHETROM,97
Hardy,PRECINCT 20,REP FOR COUNTY EXEC COMMITTEE,,REP,JOYCE SCHETROM,32
Hardy,PRECINCT 18,DEM FOR COUNTY EXEC COMMITTEE,,DEM,VICKI FERTIG,47
Hardy,PRECINCT 19,DEM FOR COUNTY EXEC COMMITTEE,,DEM,VICKI FERTIG,57
Hardy,PRECINCT 20,DEM FOR COUNTY EXEC COMMITTEE,,DEM,VICKI FERTIG,16
Hardy,PRECINCT 18,REP FOR COUNTY EXEC COMMITTEE,,REP,NO CANDIDATE FILED,0
Hardy,PRECINCT 19,REP FOR COUNTY EXEC COMMITTEE,,REP,NO CANDIDATE FILED,0
Hardy,PRECINCT 20,REP FOR COUNTY EXEC COMMITTEE,,REP,NO CANDIDATE FILED,0
Hardy,PRECINCT 18,DEM FOR COUNTY EXEC COMMITTEE,,DEM,PHILIP FERTIG,53
Hardy,PRECINCT 19,DEM FOR COUNTY EXEC COMMITTEE,,DEM,PHILIP FERTIG,60
Hardy,PRECINCT 20,DEM FOR COUNTY EXEC COMMITTEE,,DEM,PHILIP FERTIG,16
Hardy,PRECINCT 1A,FOR MAYOR WARDENSVILLE,,,BETSY ORNDOFF-SAYERS,18
Hardy,PRECINCT 2A,FOR MAYOR WARDENSVILLE,,,BETSY ORNDOFF-SAYERS,9
Hardy,PRECINCT 1A,FOR COUNCIL MEMBER WARDENSVILLE,,,CHARLOTTE BOWMAN,20
Hardy,PRECINCT 2A,FOR COUNCIL MEMBER WARDENSVILLE,,,CHARLOTTE BOWMAN,11
Hardy,PRECINCT 1A,FOR COUNCIL MEMBER WARDENSVILLE,,,EDWARD R KLINOVSKI,15
Hardy,PRECINCT 2A,FOR COUNCIL MEMBER WARDENSVILLE,,,EDWARD R KLINOVSKI,9
Hardy,PRECINCT 1A,SCHOOL EXCESS LEVY,,,FOR THE LEVIES,14
Hardy,PRECINCT 1B,SCHOOL EXCESS LEVY,,,FOR THE LEVIES,44
Hardy,PRECINCT 2A,SCHOOL EXCESS LEVY,,,FOR THE LEVIES,10
Hardy,PRECINCT 2B,SCHOOL EXCESS LEVY,,,FOR THE LEVIES,28
Hardy,PRECINCT 3,SCHOOL EXCESS LEVY,,,FOR THE LEVIES,20
Hardy,PRECINCT 5,SCHOOL EXCESS LEVY,,,FOR THE LEVIES,105
Hardy,PRECINCT 6,SCHOOL EXCESS LEVY,,,FOR THE LEVIES,56
Hardy,PRECINCT 7,SCHOOL EXCESS LEVY,,,FOR THE LEVIES,52
Hardy,PRECINCT 12,SCHOOL EXCESS LEVY,,,FOR THE LEVIES,97
Hardy,PRECINCT 13,SCHOOL EXCESS LEVY,,,FOR THE LEVIES,63
Hardy,PRECINCT 14,SCHOOL EXCESS LEVY,,,FOR THE LEVIES,67
Hardy,PRECINCT 15,SCHOOL EXCESS LEVY,,,FOR THE LEVIES,22
Hardy,PRECINCT 16,SCHOOL EXCESS LEVY,,,FOR THE LEVIES,138
Hardy,PRECINCT 18,SCHOOL EXCESS LEVY,,,FOR THE LEVIES,82
Hardy,PRECINCT 19,SCHOOL EXCESS LEVY,,,FOR THE LEVIES,75
Hardy,PRECINCT 20,SCHOOL EXCESS LEVY,,,FOR THE LEVIES,28
Hardy,PRECINCT 1A,SCHOOL EXCESS LEVY,,,AGAINST THE LEVIES,6
Hardy,PRECINCT 1B,SCHOOL EXCESS LEVY,,,AGAINST THE LEVIES,94
Hardy,PRECINCT 2A,SCHOOL EXCESS LEVY,,,AGAINST THE LEVIES,6
Hardy,PRECINCT 2B,SCHOOL EXCESS LEVY,,,AGAINST THE LEVIES,60
Hardy,PRECINCT 3,SCHOOL EXCESS LEVY,,,AGAINST THE LEVIES,60
Hardy,PRECINCT 5,SCHOOL EXCESS LEVY,,,AGAINST THE LEVIES,138
Hardy,PRECINCT 6,SCHOOL EXCESS LEVY,,,AGAINST THE LEVIES,122
Hardy,PRECINCT 7,SCHOOL EXCESS LEVY,,,AGAINST THE LEVIES,76
Hardy,PRECINCT 12,SCHOOL EXCESS LEVY,,,AGAINST THE LEVIES,105
Hardy,PRECINCT 13,SCHOOL EXCESS LEVY,,,AGAINST THE LEVIES,115
Hardy,PRECINCT 14,SCHOOL EXCESS LEVY,,,AGAINST THE LEVIES,91
Hardy,PRECINCT 15,SCHOOL EXCESS LEVY,,,AGAINST THE LEVIES,73
Hardy,PRECINCT 16,SCHOOL EXCESS LEVY,,,AGAINST THE LEVIES,242
Hardy,PRECINCT 18,SCHOOL EXCESS LEVY,,,AGAINST THE LEVIES,130
Hardy,PRECINCT 19,SCHOOL EXCESS LEVY,,,AGAINST THE LEVIES,172
Hardy,PRECINCT 20,SCHOOL EXCESS LEVY,,,AGAINST THE LEVIES,50
